UNITID_P,INSTNM,OPEID,BRANCH,Address,City,State,ZIP,sector_cd,Sector_desc,men_total,women_total,Total,MURD20,NEG_M20,RAPE20,FONDL20,INCES20,STATR20,ROBBE20,AGG_A20,BURGLA20,VEHIC20,ARSON20,MURD21,NEG_M21,RAPE21,FONDL21,INCES21,STATR21,ROBBE21,AGG_A21,BURGLA21,VEHIC21,ARSON21,MURD22,NEG_M22,RAPE22,FONDL22,INCES22,STATR22,ROBBE22,AGG_A22,BURGLA22,VEHIC22,ARSON22,FILTER20,FILTER21,FILTER22,Full_Address,Latitude,Longitude
100663002,University of Alabama at Birmingham,105200,Huntsville Regional Medical Campus,301 Governors Drive SW,Huntsville,AL,35801,1,"Public, 4-year or above",7903.0,13736.0,21639.0,,,,,,,,,,,,,,,,,,,,,,,,,,,,,,,,,,1,1,1,"301 Governors Drive SW, Huntsville, AL 35801",34.719816,-86.582288
100706001,University of Alabama in Huntsville,105500,Main Campus,301 SPARKMAN DR,HUNTSVILLE,AL,35899,1,"Public, 4-year or above",5333.0,3904.0,9237.0,0.0,0.0,1.0,0.0,0.0,0.0,0.0,1.0,6.0,0.0,0.0,0.0,0.0,0.0,1.0,0.0,0.0,0.0,0.0,0.0,0.0,0.0,0.0,0.0,2.0,0.0,0.0,0.0,0.0,0.0,1.0,0.0,0.0,1,1,1,"301 SPARKMAN DR, HUNTSVILLE, AL 35899",34.7189363,-86.6374919
100760001,Central Alabama Community College,100700,Alexander City Campus,1675 Cherokee Rd,Alexander City,AL,35010,4,"Public, 2-year",751.0,1026.0,1777.0,,,,,,,,,,,,,,,,,,,,,,,,,,,,,,,,,,1,1,1,"1675 Cherokee Rd, Alexander City, AL 35010",32.92499278830759,-85.94800050868906
100760003,Central Alabama Community College,100700,Talladega Campus,1009 South Street East,Talladega,AL,35160,4,"Public, 2-year",751.0,1026.0,1777.0,,,,,,,,,,,,,,,,,,,,,,,,,,,,,,,,,,1,1,1,"1009 South Street East, Talladega, AL 35160",33.43526,-86.086606
100760004,Central Alabama Community College,100700,Prattville Campus,1320 Old Ridge Road  ,Prattville,AL,36066,4,"Public, 2-year",751.0,1026.0,1777.0,,,,,,,,,,,,,,,,,,,,,,,,,,,,,,,,,,1,1,1,"1320 Old Ridge Road  , Prattville, AL 36066",32.503367519277106,-86.42768109953543
100858001,Auburn University,100900,Auburn University,182 South College Street,Auburn,AL,36849,1,"Public, 4-year or above",15678.0,16086.0,31764.0,0.0,0.0,9.0,2.0,0.0,0.0,0.0,5.0,9.0,0.0,0.0,0.0,0.0,38.0,4.0,0.0,0.0,0.0,10.0,11.0,0.0,0.0,0.0,0.0,6.0,7.0,0.0,0.0,0.0,4.0,2.0,0.0,1.0,1,1,1,"182 South College Street, Auburn, AL 36849",32.60471105,-85.48279062089341
100858002,Auburn University,100900,Joseph S Bruno Auburn Abroad Italy,Via del Parco 149,Ariccia,,00072,1,"Public, 4-year or above",15678.0,16086.0,31764.0,0.0,0.0,0.0,0.0,0.0,0.0,0.0,0.0,0.0,0.0,0.0,0.0,0.0,0.0,0.0,0.0,0.0,0.0,0.0,0.0,0.0,0.0,0.0,0.0,0.0,0.0,0.0,0.0,0.0,0.0,0.0,0.0,0.0,1,1,1,,46.3144754,11.0480288
100858005,Auburn University,100900,Harris Early Learning Center,1413 7th Avenue North,Birmingham,AL,35203,1,"Public, 4-year or above",15678.0,16086.0,31764.0,0.0,0.0,0.0,0.0,0.0,0.0,0.0,0.0,0.0,0.0,0.0,0.0,0.0,0.0,0.0,0.0,0.0,0.0,0.0,0.0,0.0,0.0,0.0,0.0,0.0,0.0,0.0,0.0,0.0,0.0,0.0,0.0,0.0,1,1,1,"1413 7th Avenue North, Birmingham, AL 35203",33.51647889795918,-86.81774108163265
100858006,Auburn University,100900,Auburn University Regional Airport,2150 Mike Hubbard Blvd,Auburn,AL,36830,1,"Public, 4-year or above",15678.0,16086.0,31764.0,,,,,,,,,,,,,,,,,,,,,,,,,,,,,,,,,,1,1,1,"2150 Mike Hubbard Blvd, Auburn, AL 36830",32.6118107,-85.43694166226194
100858007,Auburn University,100900,E W Shell Fisheries Center North,2101 North College Street,Auburn,AL,36830,1,"Public, 4-year or above",15678.0,16086.0,31764.0,,,,,,,,,,,,,,,,,,,,,,,,,,,,,,,,,,1,1,1,"2101 North College Street, Auburn, AL 36830",32.6074533,-85.4817293
100858008,Auburn University,100900,Charles C. Miller Poultry Research and Education Center,1088 Auburn Lakes Road,Auburn,AL,36830,1,"Public, 4-year or above",15678.0,16086.0,31764.0,,,,,,,,,,,,,,,,,,,,,,,,,,,,,,,,,,1,1,1,"1088 Auburn Lakes Road, Auburn, AL 36830",32.68249,-85.508237
100858011,Auburn University,100900,Harrison College of Pharmacy - Montgomery,101 South Union Street,Montgomery,AL,36104,1,"Public, 4-year or above",15678.0,16086.0,31764.0,,,,,,,,,,,,,,,,,,,,,,,,,,,,,,,,,,1,1,1,"101 South Union Street, Montgomery, AL 36104",32.37701195446968,-86.29956028153293
100858012,Auburn University,100900,The Center for Architecture and Urban Studies,221 20th Street North,Birmingham,AL,35203,1,"Public, 4-year or above",15678.0,16086.0,31764.0,,,,,,,,,,,,,,,,,,,,,,,,,,,,,,,,,,1,1,1,"221 20th Street North, Birmingham, AL 35203",33.51559418367347,-86.80628208163265
100937001,Birmingham-Southern College,101200,Birmingham-Southern College,900 Arkadelphia Road,Birmingham,AL,35254,2,"Private nonprofit, 4-year or above",512.0,463.0,975.0,0.0,0.0,0.0,0.0,0.0,0.0,0.0,0.0,3.0,0.0,0.0,0.0,0.0,1.0,0.0,0.0,0.0,0.0,0.0,3.0,0.0,0.0,0.0,0.0,1.0,1.0,0.0,0.0,0.0,0.0,3.0,0.0,0.0,1,1,1,"900 Arkadelphia Road, Birmingham, AL 35254",33.51316,-86.849416
101028001,Chattahoochee Valley Community College,1218200,Main Campus,2602 COLLEGE DR,PHENIX CITY,AL,36869,4,"Public, 2-year",560.0,1081.0,1641.0,,,,,,,,,,,,,,,,,,,,,,,,,,,,,,,,,,1,1,1,"2602 COLLEGE DR, PHENIX CITY, AL 36869",32.42909295818755,-85.0294945283175
101161002,Coastal Alabama Community College,106000,Coastal Alabama Community College - Fairhope Campus,440 Fairhope Avenue,Fairhope,AL,36532,4,"Public, 2-year",2872.0,3928.0,6800.0,,,,,,,,,,,,,,,,,,,,,,,,,,,,,,,,,,1,1,1,"440 Fairhope Avenue, Fairhope, AL 36532",30.52295481632653,-87.90253659183674
101161003,Coastal Alabama Community College,106000,Coastal Alabama Community College - Gulf Shores Campus,3301 Gulf Shores Parkway,Gulf Shores,AL,36542,4,"Public, 2-year",2872.0,3928.0,6800.0,,,,,,,,,,,,,,,,,,,,,,,,,,,,,,,,,,1,1,1,"3301 Gulf Shores Parkway, Gulf Shores, AL 36542",30.298169,-87.683249
101161004,Coastal Alabama Community College,106000,Coastal Alabama Community College - Brewton Campus,220 ALCO DR,BREWTON,AL,36426,4,"Public, 2-year",2872.0,3928.0,6800.0,0.0,0.0,0.0,0.0,0.0,0.0,0.0,1.0,0.0,0.0,0.0,0.0,0.0,0.0,0.0,0.0,0.0,0.0,0.0,0.0,0.0,0.0,0.0,0.0,0.0,0.0,0.0,0.0,0.0,0.0,0.0,0.0,0.0,1,1,1,"220 ALCO DR, BREWTON, AL 36426",31.1022138,-87.0862756
101161008,Coastal Alabama Community College,106000,Coastal Alabama Community College - GILBERTOWN CAMPUS,251 College Street,Gilbertown,AL,36908,4,"Public, 2-year",2872.0,3928.0,6800.0,,,,,,,,,,,,,,,,,,,,,,,,,,,,,,,,,,1,1,1,"251 College Street, Gilbertown, AL 36908",31.871155783434947,-88.31555331214356
101161009,Coastal Alabama Community College,106000,Coastal Alabama Community College - JACKSON CAMPUS,235 College Avenue,Jackson,AL,36545,4,"Public, 2-year",2872.0,3928.0,6800.0,,,,,,,,,,,,,,,,,,,,,,,,,,,,,,,,,,1,1,1,"235 College Avenue, Jackson, AL 36545",31.51269939177683,-87.89395789138472
101277001,New Beginning College of Cosmetology,4187200,Main Campus,421 Martling Rd,Albertville,AL,35951,9,"Private for-profit, less-than 2-year",0.0,45.0,45.0,,,,,,,,,,,,,,,,,,,,,,,,,,,,,,,,,,1,1,1,"421 Martling Rd, Albertville, AL 35951",34.277689385322724,-86.19718984818755
101286004,George C Wallace Community College-Dothan,101800,Sparks Campus,3235 South Eufaula Ave.,Eufaula,AL,36027,4,"Public, 2-year",1195.0,2637.0,3832.0,,,,,,,,,,,,,,,,,,,,,,,,,,,,,,,,,,1,1,1,"3235 South Eufaula Ave., Eufaula, AL 36027",31.836367648380993,-85.16581350219484
101365001,Herzing University-Birmingham,962107,Main Campus,280 WEST VALLEY AVENUE,BIRMINGHAM,AL,35209,2,"Private nonprofit, 4-year or above",126.0,452.0,578.0,,,,,,,,,,,,,,,,,,,,,,,,,,,,,,,,,,1,1,1,"280 WEST VALLEY AVENUE, BIRMINGHAM, AL 35209",33.470972,-86.824393
101471001,J F Ingram State Technical College,3002500,J.F. Ingram State Technical College,5375 Ingram Rd,Deatsville,AL,36022,4,"Public, 2-year",671.0,97.0,768.0,,,,,,,,,,,,,,,,,,,,,,,,,,,,,,,,,,1,1,1,"5375 Ingram Rd, Deatsville, AL 36022",32.58234417810123,-86.39108807967892
101480001,Jacksonville State University,102000,Main Campus,700 Pelham Road North,Jacksonville,AL,36265,1,"Public, 4-year or above",3839.0,5793.0,9632.0,0.0,0.0,1.0,1.0,0.0,0.0,0.0,0.0,1.0,0.0,0.0,0.0,0.0,4.0,3.0,0.0,0.0,0.0,0.0,1.0,0.0,0.0,0.0,0.0,2.0,1.0,0.0,0.0,0.0,0.0,2.0,0.0,0.0,1,1,1,"700 Pelham Road North, Jacksonville, AL 36265",33.8249359,-85.76410953844884
101505004,Jefferson State Community College,102200,Chilton Campus,1850 Lay Dam Road,Clanton,AL,35045,4,"Public, 2-year",3090.0,5341.0,8431.0,,,,,,,,,,,,,,,,,,,,,,,,,,,,,,,,,,1,1,1,"1850 Lay Dam Road, Clanton, AL 35045",32.87240475,-86.62152078430515
101514002,John C Calhoun State Community College,101300,Calhoun Community College Huntsville,102 Wynn Drive,Huntsville,AL,35805,4,"Public, 2-year",3698.0,4465.0,8163.0,,,,,,,,,,,,,,,,,,,,,,,,,,,,,,,,,,1,1,1,"102 Wynn Drive, Huntsville, AL 35805",34.74228919127517,-86.65280794966442
101514004,John C Calhoun State Community College,101300,Alabama Center for the Arts,133 2nd Avenue NE,Decatur,AL,35601,4,"Public, 2-year",3698.0,4465.0,8163.0,,,,,,,,,,,,,,,,,,,,,,,,,,,,,,,,,,1,1,1,"133 2nd Avenue NE, Decatur, AL 35601",34.605282849999995,-86.98576441887928
101569002,Lawson State Community College,105900,Bessemer Campus,1100 9th Ave SW,Bessemer,AL,35022,4,"Public, 2-year",987.0,1932.0,2919.0,,,,,,,,,,,,,,,,,,,,,,,,,,,,,,,,,,1,1,1,"1100 9th Ave SW, Bessemer, AL 35022",33.36954593558715,-86.9954202633839
101602002,Lurleen B Wallace Community College,898800,Lurleen B. Wallace Community College-MacArthur Cam,1708 N. Main Street,Opp,AL,36467,4,"Public, 2-year",878.0,1051.0,1929.0,,,,,,,,,,,,,,,,,,,,,,,,,,,,,,,,,,1,1,1,"1708 N. Main Street, Opp, AL 36467",31.305505424573397,-86.25512649244057
101602003,Lurleen B Wallace Community College,898800,Lurleen B. Wallace Community College-Greenville Ca,750 Greenville Bypass,Greenville,AL,36037,4,"Public, 2-year",878.0,1051.0,1929.0,,,,,,,,,,,,,,,,,,,,,,,,,,,,,,,,,,1,1,1,"750 Greenville Bypass, Greenville, AL 36037",31.84753844897959,-86.62682687755103
101648001,Marion Military Institute,102600,Main Campus,1101 Washington St.,Marion,AL,36756,4,"Public, 2-year",232.0,88.0,320.0,0.0,0.0,0.0,0.0,0.0,0.0,0.0,0.0,0.0,0.0,0.0,0.0,0.0,0.0,0.0,0.0,0.0,0.0,0.0,0.0,0.0,0.0,0.0,0.0,2.0,0.0,0.0,0.0,0.0,0.0,0.0,0.0,0.0,1,1,1,"1101 Washington St., Marion, AL 36756",32.624483048686194,-87.31833324165258
101675001,Miles College,102800,Miles College,5500 Myron Massey Blvd,Fairfield,AL,35064,2,"Private nonprofit, 4-year or above",570.0,688.0,1258.0,0.0,0.0,0.0,0.0,0.0,0.0,0.0,1.0,5.0,0.0,0.0,0.0,0.0,0.0,0.0,0.0,0.0,0.0,0.0,6.0,0.0,0.0,0.0,0.0,0.0,0.0,0.0,0.0,0.0,2.0,10.0,0.0,0.0,1,1,1,"5500 Myron Massey Blvd, Fairfield, AL 35064",33.48109865,-86.90911015439585
101736001,Northwest-Shoals Community College,569700,Shoals Campus,800 GEORGE WALLACE BLVD,MUSCLE SHOALS,AL,35661,4,"Public, 2-year",1853.0,2179.0,4032.0,,,,,,,,,,,,,,,,,,,,,,,,,,,,,,,,,,1,1,1,"800 GEORGE WALLACE BLVD, MUSCLE SHOALS, AL 35661",34.740338,-87.6775438
101736002,Northwest-Shoals Community College,569700,Phil Campbell Campus,2080 College Road,Phil Campbell,AL,35581,4,"Public, 2-year",1853.0,2179.0,4032.0,,,,,,,,,,,,,,,,,,,,,,,,,,,,,,,,,,1,1,1,"2080 College Road, Phil Campbell, AL 35581",34.343733400000005,-87.7309114205456
101879002,University of North Alabama,101600,East Campus,1640 Tune Avenue,florence,AL,35630,1,"Public, 4-year or above",3490.0,6340.0,9830.0,,,,,,,,,,,,,,,,,,,,,,,,,,,,,,,,,,1,1,1,"1640 Tune Avenue, florence, AL 35630",34.821231049999994,-87.65919046495817
102030003,Bishop State Community College,103000,Carvar Campus,414 Stanton Rd.,Mobile,AL,36617,4,"Public, 2-year",1040.0,1928.0,2968.0,,,,,,,,,,,,,,,,,,,,,,,,,,,,,,,,,,1,1,1,"414 Stanton Rd., Mobile, AL 36617",30.7009136,-88.09299702012882
102030004,Bishop State Community College,103000,SouthWest Campus,925 Dauphin Island Parkway,Mobile,AL,36605,4,"Public, 2-year",1040.0,1928.0,2968.0,,,,,,,,,,,,,,,,,,,,,,,,,,,,,,,,,,1,1,1,"925 Dauphin Island Parkway, Mobile, AL 36605",30.66194864,-88.08836808
102049002,Samford University,103600,Daniel House at Samford University London Study Center,"12 Ashburn Gardens, Kensington",London,,SW7 4DG,2,"Private nonprofit, 4-year or above",1824.0,3858.0,5682.0,0.0,0.0,0.0,0.0,0.0,0.0,0.0,0.0,0.0,0.0,0.0,0.0,0.0,0.0,0.0,0.0,0.0,0.0,0.0,0.0,0.0,0.0,0.0,0.0,0.0,0.0,0.0,0.0,0.0,0.0,0.0,0.0,0.0,1,1,1,,46.3144754,11.0480288
102067001,Shelton State Community College,569100,Martin Campus,9500 OLD GREENSBORO RD,TUSCALOOSA,AL,35405,4,"Public, 2-year",1698.0,2468.0,4166.0,,,,,,,,,,,,,,,,,,,,,,,,,,,,,,,,,,1,1,1,"9500 OLD GREENSBORO RD, TUSCALOOSA, AL 35405",33.069772,-87.564326
102270001,Stillman College,104400,Stillman College,3601 Stillman Boulevard,TUSCALOOSA,AL,35401,2,"Private nonprofit, 4-year or above",328.0,416.0,744.0,0.0,0.0,0.0,0.0,0.0,0.0,0.0,0.0,0.0,0.0,0.0,0.0,0.0,0.0,0.0,0.0,0.0,0.0,3.0,3.0,0.0,0.0,0.0,0.0,0.0,0.0,0.0,0.0,0.0,3.0,3.0,0.0,0.0,1,1,1,"3601 Stillman Boulevard, TUSCALOOSA, AL 35401",33.200947,-87.58328633873036
102313002,H Councill Trenholm State Community College,573400,Patterson Campus,3920 Troy Highway,MONTGOMERY,AL,36116,4,"Public, 2-year",771.0,1213.0,1984.0,,,,,,,,,,,,,,,,,,,,,,,,,,,,,,,,,,1,1,1,"3920 Troy Highway, MONTGOMERY, AL 36116",32.1861252,-86.117461
102368002,Troy University,104700,Phenix City Campus,1 University Place,Phenix City,AL,36869,1,"Public, 4-year or above",5098.0,9058.0,14156.0,,,,,,,,,,,,,,,,,,,,,,,,,,,,,,,,,,1,1,1,"1 University Place, Phenix City, AL 36869",32.423549,-85.029837
102368005,Troy University,104700,Atlantic Region,2743 Perimeter Parkway,Augusta,GA,30907,1,"Public, 4-year or above",5098.0,9058.0,14156.0,,,,,,,,,,,,,,,,,,,,,,,,,,,,,,,,,,1,1,1,"2743 Perimeter Parkway, Augusta, GA 30907",33.483719592124665,-82.08583673874499
102368007,Troy University,104700,Southeast Region,2743 Perimeter Parkway,Augusta,GA,30907,1,"Public, 4-year or above",5098.0,9058.0,14156.0,,,,,,,,,,,,,,,,,,,,,,,,,,,,,,,,,,1,1,1,"2743 Perimeter Parkway, Augusta, GA 30907",33.483719592124665,-82.08583673874499
102429001,Bevill State Community College,573300,Bevill State Community College Jasper (Main) Campus,1411 Indiana Avenue,Jasper,AL,35501,4,"Public, 2-year",1495.0,2208.0,3703.0,0.0,0.0,0.0,0.0,0.0,0.0,0.0,0.0,0.0,0.0,0.0,,,,,,,,,,,,,,,,,,,,,,,1,1,1,"1411 Indiana Avenue, Jasper, AL 35501",33.837373618700575,-87.26492467508099
102429002,Bevill State Community College,573300,Sumiton Campus,101 State Street,Sumiton,AL,35148,4,"Public, 2-year",1495.0,2208.0,3703.0,,,,,,,,,,,,,,,,,,,,,,,,,,,,,,,,,,1,1,1,"101 State Street, Sumiton, AL 35148",33.750576,-87.049616
102429003,Bevill State Community College,573300,Fayette Campus,2631 Temple Avenue North,Fayette,AL,35555,4,"Public, 2-year",1495.0,2208.0,3703.0,0.0,0.0,0.0,0.0,0.0,0.0,0.0,0.0,0.0,0.0,0.0,0.0,0.0,0.0,0.0,0.0,0.0,0.0,0.0,0.0,0.0,0.0,0.0,0.0,0.0,0.0,0.0,0.0,0.0,0.0,0.0,0.0,0.0,1,1,1,"2631 Temple Avenue North, Fayette, AL 35555",33.72584195,-87.81840246008414
102429004,Bevill State Community College,573300,Hamilton Campus,1481 Military Street South,HAMILTON,AL,35570,4,"Public, 2-year",1495.0,2208.0,3703.0,0.0,0.0,0.0,0.0,0.0,0.0,0.0,0.0,0.0,0.0,0.0,0.0,0.0,0.0,0.0,0.0,0.0,0.0,0.0,0.0,0.0,0.0,0.0,0.0,0.0,0.0,0.0,0.0,0.0,0.0,0.0,0.0,0.0,1,1,1,"1481 Military Street South, HAMILTON, AL 35570",34.124918040816326,-87.98984287755103
102553001,University of Alaska Anchorage,1146200,Anchorage Campus,3211 Providence Dr,Anchorage,AK,99508,1,"Public, 4-year or above",4139.0,6325.0,10464.0,0.0,0.0,0.0,0.0,0.0,1.0,0.0,0.0,8.0,0.0,0.0,0.0,0.0,1.0,2.0,0.0,0.0,0.0,1.0,0.0,0.0,0.0,0.0,0.0,3.0,7.0,0.0,0.0,0.0,1.0,2.0,0.0,0.0,1,1,1,"3211 Providence Dr, Anchorage, AK 99508",61.1886082,-149.8379308
102553003,University of Alaska Anchorage,1146200,Kenai Peninsula College - Kenai River Campus,156 College Road,Soldotna,AK,99669,1,"Public, 4-year or above",4139.0,6325.0,10464.0,0.0,0.0,0.0,0.0,0.0,0.0,0.0,0.0,0.0,0.0,0.0,0.0,0.0,0.0,0.0,0.0,0.0,0.0,0.0,0.0,0.0,0.0,0.0,0.0,0.0,0.0,0.0,0.0,0.0,0.0,0.0,0.0,0.0,1,1,1,"156 College Road, Soldotna, AK 99669",60.4877764,-151.1306665
102553005,University of Alaska Anchorage,1146200,Kodiak College,117 Benny Benson Drive,Kodiak,AK,99615,1,"Public, 4-year or above",4139.0,6325.0,10464.0,,,,,,,,,,,,,,,,,,,,,,,,,,,,,,,,,,1,1,1,"117 Benny Benson Drive, Kodiak, AK 99615",57.80763565274534,-152.36767328260467
102553007,University of Alaska Anchorage,1146200,Prince William Sound College,303 Lowe St,Valdez,AK,99686,1,"Public, 4-year or above",4139.0,6325.0,10464.0,0.0,0.0,0.0,0.0,0.0,0.0,0.0,0.0,0.0,0.0,0.0,0.0,0.0,0.0,0.0,0.0,0.0,0.0,0.0,0.0,0.0,0.0,0.0,0.0,1.0,0.0,0.0,0.0,0.0,0.0,0.0,0.0,0.0,1,1,1,"303 Lowe St, Valdez, AK 99686",61.134274,-146.3554715
102553009,University of Alaska Anchorage,1146200,Aviation Technology Complex,2811 Merrill Field Drive,Anchorage,AK,99501,1,"Public, 4-year or above",4139.0,6325.0,10464.0,,,,,,,,,,,,,,,,,,,,,,,,,,,,,,,,,,1,1,1,"2811 Merrill Field Drive, Anchorage, AK 99501",61.2146716,-149.82978793698513
102580001,Alaska Bible College,884300,Main Campus,248 E. Elmwood Ave.,Palmer,AK,99645,2,"Private nonprofit, 4-year or above",23.0,16.0,39.0,0.0,0.0,0.0,0.0,0.0,0.0,0.0,0.0,0.0,0.0,0.0,0.0,0.0,0.0,0.0,0.0,0.0,0.0,0.0,0.0,0.0,0.0,0.0,0.0,0.0,0.0,0.0,0.0,0.0,0.0,0.0,0.0,0.0,1,1,1,"248 E. Elmwood Ave., Palmer, AK 99645",61.5984652,-149.1116399896245
102614007,University of Alaska Fairbanks,106300,Community and Technical College,604 Barnette Street,Fairbanks,AK,99701,1,"Public, 4-year or above",2531.0,4076.0,6607.0,,,,,,,,,,,,,,,,,,,,,,,,,,,,,,,,,,1,1,1,"604 Barnette Street, Fairbanks, AK 99701",64.841012,-147.72648485515396
102632001,University of Alaska Southeast,106500,Main Campus/Auke Bay,11066 Auke Lake Way,JUNEAU,AK,99801,1,"Public, 4-year or above",669.0,1254.0,1923.0,0.0,0.0,0.0,0.0,0.0,0.0,0.0,0.0,0.0,0.0,1.0,0.0,0.0,0.0,0.0,0.0,0.0,0.0,0.0,0.0,0.0,0.0,0.0,0.0,0.0,0.0,0.0,0.0,0.0,0.0,0.0,0.0,0.0,1,1,1,"11066 Auke Lake Way, JUNEAU, AK 99801",58.39233645,-134.64781229447976
102632002,University of Alaska Southeast,106500,University of Alaska Southeast - Ketchikan,2600 7th Ave,Ketchikan,AK,99901,1,"Public, 4-year or above",669.0,1254.0,1923.0,,,,,,,,,,,,,,,,,,,,,,,,,,,,,,,,,,1,1,1,"2600 7th Ave, Ketchikan, AK 99901",55.355043,-131.67732
102632003,University of Alaska Southeast,106500,University of Alaska Southeast - Sitka,1332 Seward Avenue,Sitka,AK,99835,1,"Public, 4-year or above",669.0,1254.0,1923.0,,,,,,,,,,,,,,,,,,,,,,,,,,,,,,,,,,1,1,1,"1332 Seward Avenue, Sitka, AK 99835",57.0518743,-135.35182773935085
102669001,Alaska Pacific University,106100,Main Campus,4101 UNIVERSITY DR,ANCHORAGE,AK,99508,2,"Private nonprofit, 4-year or above",132.0,463.0,595.0,0.0,0.0,0.0,0.0,0.0,0.0,0.0,0.0,0.0,0.0,0.0,0.0,0.0,0.0,0.0,0.0,0.0,0.0,0.0,0.0,0.0,0.0,0.0,0.0,0.0,0.0,0.0,0.0,0.0,0.0,0.0,0.0,0.0,1,1,1,"4101 UNIVERSITY DR, ANCHORAGE, AK 99508",61.1888471,-149.8098437
102845002,Charter College,2576900,Charter College - Wasilla,721 W. Parks Highway,Wasilla,AK,99654,3,"Private for-profit, 4-year or above",577.0,1540.0,2117.0,,,,,,,,,,,,,,,,,,,,,,,,,,,,,,,,,,1,1,1,"721 W. Parks Highway, Wasilla, AK 99654",61.58160406963239,-149.46973556181135
102845010,Charter College,2576900,Charter College-Canyon Country,19034 Soledad Canyon Road,Canyon Country,CA,91351,3,"Private for-profit, 4-year or above",577.0,1540.0,2117.0,,,,,,,,,,,,,,,,,,,,,,,,,,,,,,,,,,1,1,1,"19034 Soledad Canyon Road, Canyon Country, CA 91351",34.41562770499582,-118.46837538626562
102845014,Charter College,2576900,Charter College - Missoula,1930 Brooks Street,Missoula,MT,59801,3,"Private for-profit, 4-year or above",577.0,1540.0,2117.0,,,,,,,,,,,,,,,,,,,,,,,,,,,,,,,,,,1,1,1,"1930 Brooks Street, Missoula, MT 59801",46.8481798,-114.0188489
102845015,Charter College,2576900,Charter College - Charter Institute Farmington,3030 E 20th Street,Farmington,NM,87402,3,"Private for-profit, 4-year or above",577.0,1540.0,2117.0,,,,,,,,,,,,,,,,,,,,,,,,,,,,,,,,,,1,1,1,"3030 E 20th Street, Farmington, NM 87402",36.74819232601845,-108.1655325506016
103741001,Empire Beauty School-Tucson,966403,"Empire Beauty School - C Tucson, AZ",3030 E SPEEDWAY BLVD,TUCSON,AZ,85716,9,"Private for-profit, less-than 2-year",10.0,174.0,184.0,,,,,,,,,,,,,,,,,,,,,,,,,,,,,,,,,,1,1,1,"3030 E SPEEDWAY BLVD, TUCSON, AZ 85716",32.23592846938776,-110.9276684489796
103893009,Carrington College-Phoenix North,2100600,Carrington College-Phoenix East,2149 W DUNLAP AVE,PHOENIX,AZ,85021,6,"Private for-profit, 2-year",208.0,840.0,1048.0,,,,,,,,,,,,,,,,,,,,,,,,,,,,,,,,,,1,1,1,"2149 W DUNLAP AVE, PHOENIX, AZ 85021",33.5659811,-112.10427322655894
103954001,Arizona Academy of Beauty,886400,Main Campus,5631 E SPEEDWAY BLVD,TUCSON,AZ,85712,9,"Private for-profit, less-than 2-year",2.0,32.0,34.0,,,,,,,,,,,,,,,,,,,,,,,,,,,,,,,,,,1,1,1,"5631 E SPEEDWAY BLVD, TUCSON, AZ 85712",32.23626157282233,-110.87240090282232
104160002,Arizona Western College,107100,Reskilling & Technology Center,1351 S. Redondo Center Dr.,Yuma,AZ,85365,4,"Public, 2-year",3257.0,4793.0,8050.0,,,,,,,,,,,,,,,,,,,,,,,,,,,,,,,,,,1,1,1,"1351 S. Redondo Center Dr., Yuma, AZ 85365",32.70314295,-114.61103978274394
104160004,Arizona Western College,107100,Somerton Center,1011 N. Somerton Ave.,Somerton,AZ,85350,4,"Public, 2-year",3257.0,4793.0,8050.0,,,,,,,,,,,,,,,,,,,,,,,,,,,,,,,,,,1,1,1,"1011 N. Somerton Ave., Somerton, AZ 85350",32.603935428571425,-114.71004266666668
104160005,Arizona Western College,107100,Parker Learning Center,1109 Geronimo Ave,Parker,AZ,85344,4,"Public, 2-year",3257.0,4793.0,8050.0,,,,,,,,,,,,,,,,,,,,,,,,,,,,,,,,,,1,1,1,"1109 Geronimo Ave, Parker, AZ 85344",34.15039710204082,-114.28567220408162
104179005,University of Arizona,108300,University of Arizona Sierra Vista College of Applied Science and Technology,1140 N Colombo Ave,Sierra Vista,AZ,85635,1,"Public, 4-year or above",21985.0,27418.0,49403.0,,,,,,,,,,,,,,,,,,,,,,,,,,,,,,,,,,1,1,1,"1140 N Colombo Ave, Sierra Vista, AZ 85635",31.562609645161288,-110.24747787096774
104346002,Central Arizona College,728300,ARAVAIPA CAMPUS,80440 EAST ARAVAIPA RD.,WINKELMAN,AZ,85192,4,"Public, 2-year",1781.0,2871.0,4652.0,,,,,,,,,,,,,,,,,,,,,,,,,,,,,,,,,,1,1,1,"80440 EAST ARAVAIPA RD., WINKELMAN, AZ 85192",32.8487462,-110.7028107
104346005,Central Arizona College,728300,CASA GRANDE CENTER,1015 EAST FLORENCE BLVD.,CASA GRANDE,AZ,85122,4,"Public, 2-year",1781.0,2871.0,4652.0,,,,,,,,,,,,,,,,,,,,,,,,,,,,,,,,,,1,1,1,"1015 EAST FLORENCE BLVD., CASA GRANDE, AZ 85122",32.87947342857142,-111.74193257142856
104346013,Central Arizona College,728300,San Tan Campus,3736 E. Bella Vista Road,San Tan Valley,AZ,85143,4,"Public, 2-year",1781.0,2871.0,4652.0,,,,,,,,,,,,,,,,,,,,,,,,,,,,,,,,,,1,1,1,"3736 E. Bella Vista Road, San Tan Valley, AZ 85143",33.16170068076864,-111.54005716401228
104425004,Cochise County Community College District,107200,Willcox Center ,470 N Bisbee Ave,Willcox,AZ,85643,4,"Public, 2-year",1699.0,2098.0,3797.0,,,,,,,,,,,,,,,,,,,,,,,,,,,,,,,,,,0,1,1,"470 N Bisbee Ave, Willcox, AZ 85643",32.26116725628141,-109.84145914070352
104425005,Cochise County Community College District,107200,Fort Huachuca,2288 La Guardia,Sierra Vista,AZ,85613,4,"Public, 2-year",1699.0,2098.0,3797.0,,,,,,,,,,,,,,,,,,,,,,,,,,,,,,,,,,0,1,1,"2288 La Guardia, Sierra Vista, AZ 85613",31.560883,-110.3545158
104425006,Cochise County Community College District,107200,Benson Center,1025 AZ-90 ,Benson,AZ,85602,4,"Public, 2-year",1699.0,2098.0,3797.0,,,,,,,,,,,,,,,,,,,,,,,,,,,,,,,,,,0,1,1,"1025 AZ-90 , Benson, AZ 85602",31.95226898964867,-110.34184731469588
104577001,Eastern Arizona College,107300,Main Campus,615 N. Stadium Avenue,Thatcher,AZ,85552,4,"Public, 2-year",1989.0,2875.0,4864.0,0.0,0.0,0.0,0.0,0.0,0.0,0.0,0.0,0.0,0.0,0.0,0.0,0.0,0.0,0.0,0.0,0.0,0.0,0.0,0.0,0.0,0.0,0.0,0.0,0.0,0.0,0.0,0.0,0.0,0.0,0.0,0.0,0.0,1,1,1,"615 N. Stadium Avenue, Thatcher, AZ 85552",32.84556775,-109.76204377802664
104665001,The School of Architecture,2533200,Cosanti,6433 Doubletree Ranch Road,Paradise Valley,AZ,85253,2,"Private nonprofit, 4-year or above",5.0,1.0,6.0,,,,,,,,,,,,,,,,,,,,,,,,,,,,,,,,,,1,1,1,"6433 Doubletree Ranch Road, Paradise Valley, AZ 85253",33.567477261059736,-111.94263191181888
104708001,Glendale Community College,107600,Main Campus,6000 W OLIVE AVE,GLENDALE,AZ,85302,4,"Public, 2-year",5915.0,7427.0,13342.0,,,,,,,,,,,,,,,,,,,,,,,,,,,,,,,,,,1,1,1,"6000 W OLIVE AVE, GLENDALE, AZ 85302",33.57097265,-112.19062372210072
104708002,Glendale Community College,107600,North Campus,5727 W. Happy Valley Road,Phoenix,AZ,85310,4,"Public, 2-year",5915.0,7427.0,13342.0,,,,,,,,,,,,,,,,,,,,,,,,,,,,,,,,,,1,1,1,"5727 W. Happy Valley Road, Phoenix, AZ 85310",33.71074075,-112.18703724325582
104717001,Grand Canyon University,107400,Grand Canyon University,3300 W CAMELBACK RD,PHOENIX,AZ,85017,3,"Private for-profit, 4-year or above",27888.0,73928.0,101816.0,0.0,0.0,7.0,5.0,0.0,0.0,0.0,1.0,4.0,0.0,0.0,0.0,0.0,10.0,5.0,0.0,0.0,0.0,1.0,14.0,0.0,1.0,0.0,0.0,20.0,6.0,0.0,0.0,0.0,4.0,19.0,0.0,1.0,1,1,1,"3300 W CAMELBACK RD, PHOENIX, AZ 85017",33.5136131,-112.1307098
105145003,GateWay Community College,830300,Gateway 18th Street ,555 N 18th Street,Phoenix,AZ,85006,4,"Public, 2-year",1663.0,3036.0,4699.0,,,,,,,,,,,,,,,,,,,,,,,,,,,,,,,,,,0,1,1,"555 N 18th Street, Phoenix, AZ 85006",33.45508475,-112.04326239469322
105154001,Mesa Community College,107700,Mesa Community College,1833 W SOUTHERN AVE,MESA,AZ,85202,4,"Public, 2-year",7109.0,8663.0,15772.0,,,,,,,,,,,,,,,,,,,,,,,,,,,,,,,,,,1,1,1,"1833 W SOUTHERN AVE, MESA, AZ 85202",33.389666,-111.87020543176769
105154002,Mesa Community College,107700,Red Mountain Campus,7110 E. McKellips Rd.,Mesa,AZ,85207,4,"Public, 2-year",7109.0,8663.0,15772.0,,,,,,,,,,,,,,,,,,,,,,,,,,,,,,,,,,1,1,1,"7110 E. McKellips Rd., Mesa, AZ 85207",33.4551143,-111.67639664733848
105154003,Mesa Community College,107700,Downtown Center,145 North Centennial Way,Mesa,AZ,85201,4,"Public, 2-year",7109.0,8663.0,15772.0,,,,,,,,,,,,,,,,,,,,,,,,,,,,,,,,,,1,1,1,"145 North Centennial Way, Mesa, AZ 85201",33.41876765000001,-111.82796719983348
105206002,Mohave Community College,1186400,Lake Havasu City Campus,1977 West Acoma Blvd,Lake Havasu City,AZ,86403,4,"Public, 2-year",1285.0,2753.0,4038.0,,,,,,,,,,,,,,,,,,,,,,,,,,,,,,,,,,1,1,1,"1977 West Acoma Blvd, Lake Havasu City, AZ 86403",34.49621531477594,-114.34358644740394
105206003,Mohave Community College,1186400,Bullhead City Campus,3400 Highway 95,Bullhead City,AZ,86442,4,"Public, 2-year",1285.0,2753.0,4038.0,,,,,,,,,,,,,,,,,,,,,,,,,,,,,,,,,,1,1,1,"3400 Highway 95, Bullhead City, AZ 86442",35.0631578,-114.58668018040052
105330001,Northern Arizona University,108200,Flagstaff Mountain Campus,1900 S Knoles Dr,FLAGSTAFF,AZ,86011,1,"Public, 4-year or above",10274.0,17812.0,28086.0,0.0,0.0,24.0,4.0,0.0,0.0,0.0,2.0,16.0,0.0,0.0,0.0,0.0,14.0,4.0,0.0,0.0,0.0,2.0,17.0,0.0,2.0,0.0,0.0,24.0,6.0,0.0,4.0,3.0,3.0,23.0,0.0,1.0,1,1,1,"1900 S Knoles Dr, FLAGSTAFF, AZ 86011",35.18008625,-111.65769980032915
105330003,Northern Arizona University,108200,NAU at Chandler-Gilbert Community College,2626 E. Pecos Rd,Chandler,AZ,85225,1,"Public, 4-year or above",10274.0,17812.0,28086.0,,,,,,,,,,,,,,,,,,,,,,,,,,,,,,,,,,1,1,1,"2626 E. Pecos Rd, Chandler, AZ 85225",33.29553575,-111.7941113987554
105330005,Northern Arizona University,108200,NAU at Mesa Community College,1833 W. Southern Ave,Mesa,AZ,85202,1,"Public, 4-year or above",10274.0,17812.0,28086.0,,,,,,,,,,,,,,,,,,,,,,,,,,,,,,,,,,1,1,1,"1833 W. Southern Ave, Mesa, AZ 85202",33.389666,-111.87020543176769
105330006,Northern Arizona University,108200,NAU at Estrella Mountain Community College,3000 N. Dysart Rd,Avondale,AZ,85392,1,"Public, 4-year or above",10274.0,17812.0,28086.0,,,,,,,,,,,,,,,,,,,,,,,,,,,,,,,,,,1,1,1,"3000 N. Dysart Rd, Avondale, AZ 85392",33.480764449999995,-112.34573736324032
105330007,Northern Arizona University,108200,NAU at Glendale Community College,6000 W. Olive Ave,Glendale,AZ,85302,1,"Public, 4-year or above",10274.0,17812.0,28086.0,,,,,,,,,,,,,,,,,,,,,,,,,,,,,,,,,,1,1,1,"6000 W. Olive Ave, Glendale, AZ 85302",33.57097265,-112.19062372210072
105330009,Northern Arizona University,108200,NAU - Kingman,1971 Jagerson Ave,Kingman,AZ,86409,1,"Public, 4-year or above",10274.0,17812.0,28086.0,,,,,,,,,,,,,,,,,,,,,,,,,,,,,,,,,,1,1,1,"1971 Jagerson Ave, Kingman, AZ 86409",35.2702299,-114.0268497
105330010,Northern Arizona University,108200,NAU - North Valley,15451 N 28th Ave,Phoenix,AZ,85053,1,"Public, 4-year or above",10274.0,17812.0,28086.0,,,,,,,,,,,,,,,,,,,,,,,,,,,,,,,,,,1,1,1,"15451 N 28th Ave, Phoenix, AZ 85053",33.6262927,-112.11818102035792
105330011,Northern Arizona University,108200,NAU at Paradise Valley Community College,18401 N. 32nd St,Phoenix,AZ,85032,1,"Public, 4-year or above",10274.0,17812.0,28086.0,,,,,,,,,,,,,,,,,,,,,,,,,,,,,,,,,,1,1,1,"18401 N. 32nd St, Phoenix, AZ 85032",33.652006650000004,-112.01169069673702
105330012,Northern Arizona University,108200,NAU at Phoenix College,1202 W. Thomas Rd,Phoenix,AZ,85013,1,"Public, 4-year or above",10274.0,17812.0,28086.0,,,,,,,,,,,,,,,,,,,,,,,,,,,,,,,,,,1,1,1,"1202 W. Thomas Rd, Phoenix, AZ 85013",33.4805182,-112.087543
105330013,Northern Arizona University,108200,NAU at Scottsdale Community College,9000 E. Chaparral Rd,Scottsdale,AZ,85256,1,"Public, 4-year or above",10274.0,17812.0,28086.0,,,,,,,,,,,,,,,,,,,,,,,,,,,,,,,,,,1,1,1,"9000 E. Chaparral Rd, Scottsdale, AZ 85256",33.5122411,-111.880364
105330014,Northern Arizona University,108200,NAU-Show Low,1001 W. Deuce of Clubs,Show Low,AZ,85901,1,"Public, 4-year or above",10274.0,17812.0,28086.0,,,,,,,,,,,,,,,,,,,,,,,,,,,,,,,,,,1,1,1,"1001 W. Deuce of Clubs, Show Low, AZ 85901",34.2431437,-110.0544201
105330016,Northern Arizona University,108200,NAU at South Mountain Community College,7050 S. 24th St,Phoenix,AZ,85042,1,"Public, 4-year or above",10274.0,17812.0,28086.0,,,,,,,,,,,,,,,,,,,,,,,,,,,,,,,,,,1,1,1,"7050 S. 24th St, Phoenix, AZ 85042",33.38193475,-112.03407350966162
105330018,Northern Arizona University,108200,NAU - Tucson,2202 West Anklam Rd,Tucson,AZ,85709,1,"Public, 4-year or above",10274.0,17812.0,28086.0,,,,,,,,,,,,,,,,,,,,,,,,,,,,,,,,,,1,1,1,"2202 West Anklam Rd, Tucson, AZ 85709",32.22505613772684,-111.01200789775592
105330025,Northern Arizona University,108200,NAU-Phoenix Bioscience Core,435 N 5th St,Phoenix,AZ,85004,1,"Public, 4-year or above",10274.0,17812.0,28086.0,,,,,,,,,,,,,,,,,,,,,,,,,,,,,,,,,,1,1,1,"435 N 5th St, Phoenix, AZ 85004",33.45281655,-112.0658882325565
105330033,Northern Arizona University,108200,NAU-Bullhead City,3400 Highway 95,Bullhead City,AZ,86442,1,"Public, 4-year or above",10274.0,17812.0,28086.0,,,,,,,,,,,,,,,,,,,,,,,,,,,,,,,,,,0,0,1,"3400 Highway 95, Bullhead City, AZ 86442",35.0631578,-114.58668018040052
105330034,Northern Arizona University,108200,NAU-Lake Havasu City,1977 Acoma Blvd West,Lake Havasu City,AZ,86403,1,"Public, 4-year or above",10274.0,17812.0,28086.0,,,,,,,,,,,,,,,,,,,,,,,,,,,,,,,,,,0,0,1,"1977 Acoma Blvd West, Lake Havasu City, AZ 86403",34.49621531477594,-114.34358644740394
105428001,Phoenix College,107800,Phoenix College,1202 W Thomas Rd,Phoenix,AZ,85013,4,"Public, 2-year",3519.0,6130.0,9649.0,,,,,,,,,,,,,,,,,,,,,,,,,,,,,,,,,,1,1,1,"1202 W Thomas Rd, Phoenix, AZ 85013",33.4805182,-112.087543
105428002,Phoenix College,107800,Phoenix College Downtown,640 N 1st Avenue,Phoenix,AZ,85003,4,"Public, 2-year",3519.0,6130.0,9649.0,,,,,,,,,,,,,,,,,,,,,,,,,,,,,,,,,,1,1,1,"640 N 1st Avenue, Phoenix, AZ 85003",33.4562005,-112.07550467785236
105428003,Phoenix College,107800,Center For Nursing Excellence,3700 North 3rd Ave,Phoenix,AZ,85013,4,"Public, 2-year",3519.0,6130.0,9649.0,,,,,,,,,,,,,,,,,,,,,,,,,,,,,,,,,,1,1,1,"3700 North 3rd Ave, Phoenix, AZ 85013",33.4906714,-112.07863375005496
105525010,Pima Community College,726600,El Rio Adult Education Center,1390 W. Speedway Blvd.,Tucson,AZ,85709,4,"Public, 2-year",6575.0,8718.0,15293.0,,,,,,,,,,,,,,,,,,,,,,,,,,,,,,,,,,1,1,1,"1390 W. Speedway Blvd., Tucson, AZ 85709",32.2357696112692,-110.99635699559045
105525011,Pima Community College,726600,El Pueblo Adult Education Center,101 W. Irvington Rd.,Tucson,AZ,85709,4,"Public, 2-year",6575.0,8718.0,15293.0,,,,,,,,,,,,,,,,,,,,,,,,,,,,,,,,,,1,1,1,"101 W. Irvington Rd., Tucson, AZ 85709",32.16316794949495,-110.97038317171716
105543001,Pima Medical Institute-Albuquerque,3678300,Albuquerque Campus,4400 Cutler Avenue NE,ALBUQUERQUE,NM,87110,6,"Private for-profit, 2-year",111.0,579.0,690.0,,,,,,,,,,,,,,,,,,,,,,,,,,,,,,,,,,1,1,1,"4400 Cutler Avenue NE, ALBUQUERQUE, NM 87110",35.104916149999994,-106.59479111326203
105589001,Prescott College,2065300,Prescott College,220 GROVE AVE,PRESCOTT,AZ,86301,2,"Private nonprofit, 4-year or above",244.0,725.0,969.0,0.0,0.0,0.0,0.0,0.0,0.0,0.0,0.0,0.0,0.0,0.0,0.0,0.0,0.0,0.0,0.0,0.0,0.0,0.0,0.0,0.0,0.0,0.0,0.0,0.0,0.0,0.0,0.0,0.0,0.0,0.0,0.0,0.0,1,1,1,"220 GROVE AVE, PRESCOTT, AZ 86301",34.54448776112345,-112.47637028848722
105668002,Rio Salado College,2177500,"Rio Salado College, Surprise",12535 Smokey Drive,Surprise,AZ,85378,4,"Public, 2-year",6879.0,10199.0,17078.0,,,,,,,,,,,,,,,,,,,,,,,,,,,,,,,,,,1,1,1,"12535 Smokey Drive, Surprise, AZ 85378",33.63711255,-112.33020046504188
105668005,Rio Salado College,2177500,Rio Salado College - Avondale,420 North Central Avenue,Avondale,AZ,85323,4,"Public, 2-year",6879.0,10199.0,17078.0,,,,,,,,,,,,,,,,,,,,,,,,,,,,,,,,,,1,1,1,"420 North Central Avenue, Avondale, AZ 85323",33.43942165,-112.34999882004766
105668006,Rio Salado College,2177500,Rio Salado College - Downtown,619 North 7th Avenue,Phoenix,AZ,85007,4,"Public, 2-year",6879.0,10199.0,17078.0,,,,,,,,,,,,,,,,,,,,,,,,,,,,,,,,,,1,1,1,"619 North 7th Avenue, Phoenix, AZ 85007",33.45539142157239,-112.08247249258244
105668008,Rio Salado College,2177500,Rio Salado College - Southern,3320 South Price Road,Tempe,AZ,85282,4,"Public, 2-year",6879.0,10199.0,17078.0,,,,,,,,,,,,,,,,,,,,,,,,,,,,,,,,,,1,1,1,"3320 South Price Road, Tempe, AZ 85282",33.3924132,-111.8945567
105668010,Rio Salado College,2177500,Rio Salado College - Northern,1715 West Northern Avenue,Phoenix,AZ,85021,4,"Public, 2-year",6879.0,10199.0,17078.0,,,,,,,,,,,,,,,,,,,,,,,,,,,,,,,,,,1,1,1,"1715 West Northern Avenue, Phoenix, AZ 85021",33.55296228571429,-112.09636957142858
105668011,Rio Salado College,2177500,Rio Salado College - East Valley Veterans Educational Center,3320 South Price Road,Tempe,AZ,85282,4,"Public, 2-year",6879.0,10199.0,17078.0,,,,,,,,,,,,,,,,,,,,,,,,,,,,,,,,,,1,1,1,"3320 South Price Road, Tempe, AZ 85282",33.3924132,-111.8945567
105668013,Rio Salado College,2177500,Rio Salado College- Thomas,3631 W. Thomas Rd,Phoenix,AZ,85019,4,"Public, 2-year",6879.0,10199.0,17078.0,,,,,,,,,,,,,,,,,,,,,,,,,,,,,,,,,,1,1,1,"3631 W. Thomas Rd, Phoenix, AZ 85019",33.48037393877551,-112.13718
105747001,Scottsdale Community College,830400,Main Campus,9000 E CHAPARRAL RD,SCOTTSDALE,AZ,85256,4,"Public, 2-year",3115.0,3950.0,7065.0,,,,,,,,,,,,,,,,,,,,,,,,,,,,,,,,,,1,1,1,"9000 E CHAPARRAL RD, SCOTTSDALE, AZ 85256",33.5122411,-111.880364
105792001,South Mountain Community College,2146600,SOUTH MOUNTAIN COMMUNITY COLLEGE,7050 S 24TH ST,PHOENIX,AZ,85042,4,"Public, 2-year",1539.0,2167.0,3706.0,,,,,,,,,,,,,,,,,,,,,,,,,,,,,,,,,,1,1,1,"7050 S 24TH ST, PHOENIX, AZ 85042",33.38193475,-112.03407350966162
105792002,South Mountain Community College,2146600,Guadalupe Campus,9233 South Avenida del Yaqui,Guadalupe,AZ,85283,4,"Public, 2-year",1539.0,2167.0,3706.0,,,,,,,,,,,,,,,,,,,,,,,,,,,,,,,,,,1,1,1,"9233 South Avenida del Yaqui, Guadalupe, AZ 85283",33.3621627,-111.9621021583842
105792004,South Mountain Community College,2146600,Laveen Campus,7900 South 43rd Avenue,Laveen,AZ,85339,4,"Public, 2-year",1539.0,2167.0,3706.0,,,,,,,,,,,,,,,,,,,,,,,,,,,,,,,,,,1,1,1,"7900 South 43rd Avenue, Laveen, AZ 85339",33.374948,-112.15310054954848
105899001,Arizona Christian University,711300,Arizona Christian University,1 W. Firestorm Way,Glendale,AZ,85306,2,"Private nonprofit, 4-year or above",654.0,428.0,1082.0,0.0,0.0,2.0,0.0,0.0,0.0,0.0,0.0,0.0,0.0,0.0,0.0,0.0,0.0,0.0,0.0,0.0,0.0,0.0,0.0,0.0,0.0,0.0,0.0,0.0,0.0,0.0,0.0,0.0,0.0,0.0,0.0,0.0,1,1,1,"1 W. Firestorm Way, Glendale, AZ 85306",33.6218778,-112.1813589
106148001,Yavapai College,107900,Yavapai College - Prescott Campus,1100 E Sheldon St,Prescott,AZ,86301,4,"Public, 2-year",2967.0,4030.0,6997.0,0.0,0.0,0.0,0.0,0.0,0.0,0.0,0.0,0.0,0.0,0.0,0.0,0.0,0.0,0.0,0.0,0.0,0.0,0.0,0.0,0.0,0.0,0.0,0.0,0.0,0.0,0.0,0.0,0.0,0.0,0.0,0.0,0.0,1,1,1,"1100 E Sheldon St, Prescott, AZ 86301",34.54519939828411,-112.45592463465582
106148002,Yavapai College,107900,Yavapai College -Verde Valley Campus,601 Black Hills Dr.,Clarkdale,AZ,86324,4,"Public, 2-year",2967.0,4030.0,6997.0,,,,,,,,,,,,,,,,,,,,,,,,,,,,,,,,,,1,1,1,"601 Black Hills Dr., Clarkdale, AZ 86324",34.739758,-112.05423438095238
106148005,Yavapai College,107900,Yavapai College - Sedona Center,4215 Arts Village Dr,Sedona,AZ,86336,4,"Public, 2-year",2967.0,4030.0,6997.0,,,,,,,,,,,,,,,,,,,,,,,,,,,,,,,,,,1,1,1,"4215 Arts Village Dr, Sedona, AZ 86336",34.85006960655369,-111.8318271384277
106245001,University of Arkansas at Little Rock,110100,"University of Arkansas, Little Rock",2801 S UNIVERSITY AVE,LITTLE ROCK,AR,72204,1,"Public, 4-year or above",3175.0,5022.0,8197.0,0.0,0.0,0.0,0.0,0.0,0.0,0.0,0.0,1.0,0.0,0.0,0.0,0.0,1.0,1.0,0.0,0.0,0.0,0.0,0.0,0.0,0.0,0.0,0.0,0.0,1.0,0.0,0.0,0.0,0.0,0.0,0.0,0.0,1,1,1,"2801 S UNIVERSITY AVE, LITTLE ROCK, AR 72204",34.7210884,-92.33951162121744
106245002,University of Arkansas at Little Rock,110100,William H. Bowen School of Law,1201 McMath Avenue,Little Rock,AR,72202,1,"Public, 4-year or above",3175.0,5022.0,8197.0,,,,,,,,,,,,,,,,,,,,,,,,,,,,,,,,,,1,1,1,"1201 McMath Avenue, Little Rock, AR 72202",34.7357361,-92.26288074984036
106245004,University of Arkansas at Little Rock,110100,Clinton School of Public Service,1200 President Clinton Avenue,Little Rock,AR,72201,1,"Public, 4-year or above",3175.0,5022.0,8197.0,,,,,,,,,,,,,,,,,,,,,,,,,,,,,,,,,,1,1,1,"1200 President Clinton Avenue, Little Rock, AR 72201",34.74626695,-92.25839996761856
106263002,University of Arkansas for Medical Sciences,110900,UAMS Northwest,1125 N. College Ave. ,Fayetteville,AR,72703,1,"Public, 4-year or above",921.0,2319.0,3240.0,,,,,,,,,,,,,,,,,,,,,,,,,,,,,,,,,,1,1,1,"1125 N. College Ave. , Fayetteville, AR 72703",36.0777979,-94.15898457036693
106342001,Lyon College,108800,Main Campus,2300 HIGHLAND ROAD,BATESVILLE,AR,72501,2,"Private nonprofit, 4-year or above",295.0,201.0,496.0,0.0,0.0,0.0,0.0,0.0,0.0,0.0,0.0,0.0,0.0,0.0,0.0,0.0,0.0,0.0,0.0,0.0,0.0,0.0,0.0,0.0,0.0,0.0,0.0,0.0,0.0,0.0,0.0,0.0,0.0,0.0,0.0,0.0,1,1,1,"2300 HIGHLAND ROAD, BATESVILLE, AR 72501",35.7764261,-91.62423939520048
106351001,Arkansas Technical School,3023400,Arkansas College of Barbering and Hair Design,200 E WASHINGTON AVE,NORTH LITTLE ROCK,AR,72114,9,"Private for-profit, less-than 2-year",29.0,31.0,60.0,,,,,,,,,,,,,,,,,,,,,,,,,,,,,,,,,,1,1,1,"200 E WASHINGTON AVE, NORTH LITTLE ROCK, AR 72114",34.753978,-92.265885
106467002,Arkansas Tech University,108900,Arkansas Tech University - Ozark Campus,1700 Helberg Lane,Ozark,AR,72949,1,"Public, 4-year or above",3985.0,5460.0,9445.0,,,,,,,,,,,,,,,,,,,,,,,,,,,,,,,,,,1,1,1,"1700 Helberg Lane, Ozark, AR 72949",35.49708424442222,-93.8428330079242
106467003,Arkansas Tech University,108900,Arkansas Tech Career Center,2201 South Knoxville Avenue,Russellville,AR,72802,1,"Public, 4-year or above",3985.0,5460.0,9445.0,,,,,,,,,,,,,,,,,,,,,,,,,,,,,,,,,,0,0,1,"2201 South Knoxville Avenue, Russellville, AR 72802",35.258234,-93.120896
106485001,University of Arkansas at Monticello,108500,University of Arkansas at Monticello,350 University Dr,Monticello,AR,71656,1,"Public, 4-year or above",1085.0,1634.0,2719.0,0.0,0.0,1.0,0.0,0.0,0.0,0.0,0.0,0.0,0.0,0.0,0.0,0.0,0.0,0.0,0.0,0.0,0.0,0.0,0.0,0.0,0.0,0.0,0.0,1.0,1.0,0.0,0.0,0.0,0.0,0.0,0.0,0.0,1,1,1,"350 University Dr, Monticello, AR 71656",33.5906957286248,-91.81076525165427
106485003,University of Arkansas at Monticello,108500,McGehee COT,1609 East Ash Street,McGehee,AR,71654,1,"Public, 4-year or above",1085.0,1634.0,2719.0,,,,,,,,,,,,,,,,,,,,,,,,,,,,,,,,,,1,1,1,"1609 East Ash Street, McGehee, AR 71654",33.6434729,-91.3850521
106494001,Arthur's Beauty College,2538503,"Arthur's Beauty College, Inc.-Jacksonville",2600 JOHN HARDEN DR,JACKSONVILLE,AR,72076,9,"Private for-profit, less-than 2-year",0.0,37.0,37.0,,,,,,,,,,,,,,,,,,,,,,,,,,,,,,,,,,1,1,1,"2600 JOHN HARDEN DR, JACKSONVILLE, AR 72076",34.890632,-92.103677
106625001,Black River Technical College,2052200,Main Campus,1410 HWY 304 East,POCAHONTAS,AR,72455,4,"Public, 2-year",586.0,980.0,1566.0,,,,,,,,,,,,,,,,,,,,,,,,,,,,,,,,,,1,1,1,"1410 HWY 304 East, POCAHONTAS, AR 72455",36.24086095,-90.95183510522332
106625002,Black River Technical College,2052200,Black River Technical College Paragould,2402 N 12th Ave,Paragould,AR,72450,4,"Public, 2-year",586.0,980.0,1566.0,,,,,,,,,,,,,,,,,,,,,,,,,,,,,,,,,,1,1,1,"2402 N 12th Ave, Paragould, AR 72450",36.08755011608143,-90.4701899355432
106713001,Central Baptist College,109300,Central Baptist College,1501 COLLEGE AVE,CONWAY,AR,72034,2,"Private nonprofit, 4-year or above",312.0,252.0,564.0,0.0,0.0,0.0,0.0,0.0,0.0,0.0,0.0,0.0,0.0,0.0,0.0,0.0,0.0,0.0,0.0,0.0,0.0,0.0,0.0,0.0,0.0,0.0,0.0,0.0,0.0,0.0,0.0,0.0,0.0,0.0,0.0,0.0,1,1,1,"1501 COLLEGE AVE, CONWAY, AR 72034",35.084539,-92.445715
106795003,Cossatot Community College of the University of Arkansas,2220900,Little River Campus,1411 North Constitution Avenue,Ashdown,AR,71822,4,"Public, 2-year",462.0,816.0,1278.0,,,,,,,,,,,,,,,,,,,,,,,,,,,,,,,,,,1,1,1,"1411 North Constitution Avenue, Ashdown, AR 71822",33.68462012052296,-94.13592743482542
106810001,Crowley's Ridge College,109500,Main Campus,100 COLLEGE DR,PARAGOULD,AR,72450,2,"Private nonprofit, 4-year or above",103.0,98.0,201.0,0.0,0.0,0.0,0.0,0.0,0.0,0.0,0.0,0.0,0.0,0.0,0.0,0.0,0.0,0.0,0.0,0.0,0.0,0.0,0.0,0.0,0.0,0.0,0.0,0.0,0.0,0.0,0.0,0.0,0.0,0.0,0.0,0.0,1,1,1,"100 COLLEGE DR, PARAGOULD, AR 72450",36.066337,-90.584685
106883001,East Arkansas Community College,1226000,East Arkansas Community College,1700 NEWCASTLE RD,FORREST CITY,AR,72335,4,"Public, 2-year",392.0,787.0,1179.0,,,,,,,,,,,,,,,,,,,,,,,,,,,,,,,,,,1,1,1,"1700 NEWCASTLE RD, FORREST CITY, AR 72335",35.0417579,-90.7673336
106908001,Paul Mitchell the School-Little Rock,3124900,"Paul Mitchell the School - Little Rock (Main Campus, North Little Rock, AR)",4201 E McCain Blvd,North Little Rock,AR,72117,9,"Private for-profit, less-than 2-year",17.0,341.0,358.0,,,,,,,,,,,,,,,,,,,,,,,,,,,,,,,,,,1,1,1,"4201 E McCain Blvd, North Little Rock, AR 72117",34.789526,-92.222844
106908002,Paul Mitchell the School-Little Rock,3124900,Paul Mitchell the School - Norman,3030 William Pereira,Norman,OK,73072,9,"Private for-profit, less-than 2-year",17.0,341.0,358.0,,,,,,,,,,,,,,,,,,,,,,,,,,,,,,,,,,1,1,1,"3030 William Pereira, Norman, OK 73072",35.21427995918367,-97.485925122449
107044003,Harding University,109700,Harding University Northwest Arkansas,901 South 52nd Street,Rogers,AR,72758,2,"Private nonprofit, 4-year or above",2015.0,2790.0,4805.0,,,,,,,,,,,,,,,,,,,,,,,,,,,,,,,,,,1,1,1,"901 South 52nd Street, Rogers, AR 72758",36.324032,-94.186328
107044004,Harding University,109700,Harding University-Athens Greece,37 KLM Porto Rafti Avenue,Markopoulo Attiki,,19003,2,"Private nonprofit, 4-year or above",2015.0,2790.0,4805.0,0.0,0.0,0.0,0.0,0.0,0.0,0.0,0.0,0.0,0.0,0.0,0.0,0.0,0.0,0.0,0.0,0.0,0.0,0.0,0.0,0.0,0.0,0.0,0.0,0.0,0.0,0.0,0.0,0.0,0.0,0.0,0.0,0.0,1,1,1,,46.3144754,11.0480288
107044005,Harding University,109700,Harding University-Florence Italy,Via Triozzi 57,Scandicci Firenze,,50018,2,"Private nonprofit, 4-year or above",2015.0,2790.0,4805.0,0.0,0.0,0.0,0.0,0.0,0.0,0.0,0.0,0.0,0.0,0.0,0.0,0.0,0.0,0.0,0.0,0.0,0.0,0.0,0.0,0.0,0.0,0.0,0.0,0.0,0.0,0.0,0.0,0.0,0.0,0.0,0.0,0.0,1,1,1,,46.3144754,11.0480288
107044006,Harding University,109700,Graduate School of Religion,1000 Cherry Road,Memphis,TN,38117,2,"Private nonprofit, 4-year or above",2015.0,2790.0,4805.0,0.0,0.0,0.0,0.0,0.0,0.0,0.0,0.0,0.0,0.0,0.0,0.0,0.0,0.0,0.0,0.0,0.0,0.0,0.0,0.0,0.0,0.0,0.0,0.0,0.0,0.0,0.0,0.0,0.0,0.0,0.0,0.0,0.0,1,1,1,"1000 Cherry Road, Memphis, TN 38117",35.10428,-89.915661
107044007,Harding University,109700,Harding University Australasia - HUA,"Main Beach LPO, P.O.Box 766",Main Beach QLD,,4217,2,"Private nonprofit, 4-year or above",2015.0,2790.0,4805.0,0.0,0.0,0.0,0.0,0.0,0.0,0.0,0.0,0.0,0.0,0.0,0.0,0.0,0.0,0.0,0.0,0.0,0.0,0.0,0.0,0.0,0.0,0.0,0.0,0.0,0.0,0.0,0.0,0.0,0.0,0.0,0.0,0.0,1,1,1,,46.3144754,11.0480288
107044009,Harding University,109700,Harding University Latin America (HULA) Chile,Posada el Castillo Campos 105 Arequipa,Arequipa,, 04001,2,"Private nonprofit, 4-year or above",2015.0,2790.0,4805.0,0.0,0.0,0.0,0.0,0.0,0.0,0.0,0.0,0.0,0.0,0.0,0.0,0.0,0.0,0.0,0.0,0.0,0.0,0.0,0.0,0.0,0.0,0.0,0.0,0.0,0.0,0.0,0.0,0.0,0.0,6.0,0.0,0.0,1,1,1,,46.3144754,11.0480288
107044010,Harding University,109700,Harding University Zambia (HIZ),"Namwianga Mission, PO Box 620022",Kalomo,,20100,2,"Private nonprofit, 4-year or above",2015.0,2790.0,4805.0,0.0,0.0,0.0,0.0,0.0,0.0,0.0,0.0,0.0,0.0,0.0,0.0,0.0,0.0,0.0,0.0,0.0,0.0,0.0,0.0,0.0,0.0,0.0,0.0,0.0,0.0,0.0,0.0,0.0,0.0,0.0,0.0,0.0,1,1,1,,46.3144754,11.0480288
107044011,Harding University,109700,Harding University England (HUE),"C/O Florida State, 103 Great Russell Street",London,,0,2,"Private nonprofit, 4-year or above",2015.0,2790.0,4805.0,0.0,0.0,0.0,0.0,0.0,0.0,0.0,0.0,0.0,0.0,0.0,0.0,0.0,0.0,0.0,0.0,0.0,0.0,0.0,0.0,0.0,0.0,0.0,0.0,0.0,0.0,0.0,0.0,0.0,0.0,0.0,0.0,0.0,1,1,1,,46.3144754,11.0480288
107099001,Hot Springs Beauty College,3007100,Hot Springs Beauty College,100 Cones Rd,HOT SPRINGS,AR,71901,9,"Private for-profit, less-than 2-year",5.0,85.0,90.0,,,,,,,,,,,,,,,,,,,,,,,,,,,,,,,,,,1,1,1,"100 Cones Rd, HOT SPRINGS, AR 71901",34.496223,-93.038204
107123001,Jefferson Regional School of Nursing,2330800,Main Campus,1600 West 40th,PINE BLUFF,AR,71603,5,"Private nonprofit, 2-year",17.0,52.0,69.0,,,,,,,,,,,,,,,,,,,,,,,,,,,,,,,,,,1,1,1,"1600 West 40th, PINE BLUFF, AR 71603",34.18804475,-92.01778763263852
107141005,John Brown University,110000,Ireland Center,157 Finaghy Road South,Belfast,,BT1O ODA,2,"Private nonprofit, 4-year or above",892.0,1434.0,2326.0,0.0,0.0,0.0,0.0,0.0,0.0,0.0,0.0,0.0,0.0,0.0,0.0,0.0,0.0,0.0,0.0,0.0,0.0,0.0,0.0,0.0,0.0,0.0,0.0,0.0,0.0,0.0,0.0,0.0,0.0,0.0,0.0,0.0,1,1,1,,46.3144754,11.0480288
107293001,Academy of Salon and Spa,1074100,Mellie's Inc. - Academy of Salon & Spa,311 S 16TH ST,FORT SMITH,AR,72901,9,"Private for-profit, less-than 2-year",0.0,67.0,67.0,,,,,,,,,,,,,,,,,,,,,,,,,,,,,,,,,,1,1,1,"311 S 16TH ST, FORT SMITH, AR 72901",35.38092724489796,-94.4162410612245
107327002,Arkansas Northeastern College,1286000,Leachville Center,103 North Main Street,Leachville,AR,72438,4,"Public, 2-year",536.0,966.0,1502.0,,,,,,,,,,,,,,,,,,,,,,,,,,,,,,,,,,1,1,1,"103 North Main Street, Leachville, AR 72438",35.93809536734694,-90.25813597959184
107460001,North Arkansas College,1226100,South Campus,1515 PIONEER DR.,HARRISON,AR,72601,4,"Public, 2-year",836.0,1020.0,1856.0,,,,,,,,,,,,0.0,0.0,0.0,0.0,0.0,0.0,0.0,0.0,0.0,0.0,0.0,0.0,0.0,0.0,0.0,0.0,0.0,0.0,0.0,0.0,0.0,0.0,1,1,1,"1515 PIONEER DR., HARRISON, AR 72601",36.2195306,-93.0877489
107488001,Northwest Technical Institute,2073700,Main Campus,709 S OLD MISSOURI RD,SPRINGDALE,AR,72764,7,"Public, less-than 2-year",146.0,55.0,201.0,,,,,,,,,,,,,,,,,,,,,,,,,,,,,,,,,,1,1,1,"709 S OLD MISSOURI RD, SPRINGDALE, AR 72764",36.1781481,-94.11423658084726
107549001,Ozarka College,2087000,Main Campus,218 COLLEGE DR,MELBOURNE,AR,72556,4,"Public, 2-year",322.0,661.0,983.0,0.0,0.0,0.0,0.0,0.0,0.0,0.0,0.0,0.0,0.0,0.0,0.0,0.0,0.0,0.0,0.0,0.0,0.0,0.0,0.0,0.0,0.0,0.0,0.0,0.0,0.0,0.0,0.0,0.0,0.0,0.0,0.0,0.0,1,1,1,"218 COLLEGE DR, MELBOURNE, AR 72556",36.05537091758356,-91.89793229150156
107549002,Ozarka College,2087000,Ozarka College-Mountain View,1800 College Drive,Mountain View,AR,72560,4,"Public, 2-year",322.0,661.0,983.0,,,,,,,,,,,,,,,,,,,,,,,,,,,,,,,,,,1,1,1,"1800 College Drive, Mountain View, AR 72560",35.8568413,-92.0881849
107549005,Ozarka College,2087000,Ozarka College Carpenter Technical Center,16 Nix Ridge Rd.,Ash Flat,AR,72513,4,"Public, 2-year",322.0,661.0,983.0,,,,,,,,,,,,,,,,,,,,,,,,,,,,,,,,,,0,1,1,"16 Nix Ridge Rd., Ash Flat, AR 72513",36.2433517,-91.5990365
107558001,University of the Ozarks,109400,Main Campus,415 N. College Ave.,Clarksville,AR,72830,2,"Private nonprofit, 4-year or above",374.0,410.0,784.0,0.0,0.0,0.0,0.0,0.0,0.0,0.0,0.0,0.0,0.0,0.0,0.0,0.0,2.0,1.0,0.0,0.0,0.0,0.0,0.0,0.0,0.0,0.0,0.0,0.0,0.0,0.0,0.0,0.0,0.0,0.0,0.0,0.0,1,1,1,"415 N. College Ave., Clarksville, AR 72830",35.478638849999996,-93.46558900601369
107585001,University of Arkansas Community College-Morrilton,524500,Main Campus,1537 University Blvd.,MORRILTON,AR,72110,4,"Public, 2-year",759.0,1129.0,1888.0,,,,,,,,,,,,,,,,,,,,,,,,,,,,,,,,,,1,1,1,"1537 University Blvd., MORRILTON, AR 72110",35.17230335,-92.72924321244614
107637001,Southeast Arkansas College,570700,Main Campus,1900 Hazel St.,Pine Bluff,AR,71603,4,"Public, 2-year",248.0,650.0,898.0,,,,,,,,,,,,,,,,,,,,,,,,,,,,,,,,,,1,1,1,"1900 Hazel St., Pine Bluff, AR 71603",34.211743049999995,-92.02833351806647
107655001,Professional Cosmetology Education Center,2202400,Main Campus,460 N Washington Ave,El Dorado,AR,71730,9,"Private for-profit, less-than 2-year",0.0,27.0,27.0,,,,,,,,,,,,,,,,,,,,,,,,,,,,,,,,,,1,1,1,"460 N Washington Ave, El Dorado, AR 71730",33.21498411111111,-92.66384033333333
107664001,University of Arkansas-Pulaski Technical College,2075300,University of Arkansas Pulaski Technical College,3000 W SCENIC DR,NORTH LITTLE ROCK,AR,72118,4,"Public, 2-year",1431.0,2814.0,4245.0,,,,,,,,,,,,,,,,,,,,,,,,,,,,,,,,,,1,1,1,"3000 W SCENIC DR, NORTH LITTLE ROCK, AR 72118",34.78499070584054,-92.29905149779007
107725002,University of Arkansas Hope-Texarkana,573200,University of Arkansas Community College-Texarkana,3501 U of A Way,Texarkana,AR,71854,4,"Public, 2-year",406.0,782.0,1188.0,,,,,,,,,,,,,,,,,,,,,,,,,,,,,,,,,,1,1,1,"3501 U of A Way, Texarkana, AR 71854",33.4746583,-94.00463600615169
107743001,University of Arkansas Community College Rich Mountain,2111100,University of Arkansas at Rich Mountain,1100 COLLEGE DR,MENA,AR,71953,4,"Public, 2-year",254.0,425.0,679.0,0.0,0.0,0.0,0.0,0.0,0.0,0.0,0.0,0.0,0.0,0.0,0.0,0.0,0.0,0.0,0.0,0.0,0.0,0.0,0.0,0.0,0.0,0.0,0.0,0.0,0.0,0.0,0.0,0.0,0.0,0.0,0.0,0.0,1,1,1,"1100 COLLEGE DR, MENA, AR 71953",34.5912169,-94.2202104
107789001,Paul Mitchell the School-Arkansas,792100,Main Campus,4156 N Steele Blvd,FAYETTEVILLE,AR,72703,9,"Private for-profit, less-than 2-year",1.0,108.0,109.0,,,,,,,,,,,,,,,,,,,,,,,,,,,,,,,,,,1,1,1,"4156 N Steele Blvd, FAYETTEVILLE, AR 72703",36.1263965,-94.15387339423076
107831001,Searcy Beauty College,2569600,Searcy Beauty College,1004 S Main St,Searcy,AR,72143,9,"Private for-profit, less-than 2-year",1.0,83.0,84.0,,,,,,,,,,,,,,,,,,,,,,,,,,,,,,,,,,1,1,1,"1004 S Main St, Searcy, AR 72143",35.239008369534844,-91.73535761266557
107840001,Shorter College,110500,Main Campus,604 Locust St,North Little Rock,AR,72114,5,"Private nonprofit, 2-year",126.0,195.0,321.0,,,,,,,,,,,,,,,,,,,,,,,0.0,0.0,0.0,0.0,0.0,0.0,0.0,0.0,0.0,0.0,0.0,1,1,1,"604 Locust St, North Little Rock, AR 72114",34.75907895918367,-92.26153093877552
107877001,Williams Baptist University,110600,Williams Baptist University,60 W Fulbright Avenue,Walnut Ridge,AR,72476,2,"Private nonprofit, 4-year or above",272.0,312.0,584.0,0.0,0.0,0.0,0.0,0.0,0.0,0.0,0.0,0.0,0.0,0.0,0.0,0.0,0.0,0.0,0.0,0.0,0.0,0.0,0.0,0.0,0.0,0.0,0.0,0.0,0.0,0.0,0.0,0.0,0.0,2.0,0.0,0.0,1,1,1,"60 W Fulbright Avenue, Walnut Ridge, AR 72476",36.1250747,-90.9391903
107983001,Southern Arkansas University Main Campus,110700,Main Campus,100 E. University Street,MAGNOLIA,AR,71754,1,"Public, 4-year or above",2296.0,2798.0,5094.0,0.0,0.0,1.0,0.0,0.0,0.0,0.0,0.0,1.0,0.0,0.0,0.0,0.0,0.0,0.0,0.0,0.0,0.0,0.0,0.0,0.0,0.0,0.0,0.0,2.0,0.0,0.0,0.0,0.0,0.0,0.0,0.0,0.0,1,1,1,"100 E. University Street, MAGNOLIA, AR 71754",33.293729,-93.23282739939236
108232001,Academy of Art University,753100,Main Campus,79 NEW MONTGOMERY,SAN FRANCISCO,CA,94105,3,"Private for-profit, 4-year or above",2695.0,4091.0,6786.0,0.0,0.0,1.0,1.0,0.0,0.0,1.0,1.0,15.0,0.0,1.0,0.0,0.0,0.0,0.0,0.0,0.0,0.0,0.0,14.0,0.0,1.0,0.0,0.0,2.0,0.0,0.0,0.0,0.0,0.0,5.0,0.0,0.0,1,1,1,"79 NEW MONTGOMERY, SAN FRANCISCO, CA 94105",37.776019000000005,-122.39870869233974
108667001,College of Alameda,672000,Main Campus,555 Ralph Appezzato Memorial Parkway,ALAMEDA,CA,94501,4,"Public, 2-year",2409.0,3264.0,5673.0,,,,,,,,,,,,,,,,,,,,,,,,,,,,,,,,,,1,1,1,"555 Ralph Appezzato Memorial Parkway, ALAMEDA, CA 94501",37.78246115,-122.27939789367927
108852001,American Academy of Dramatic Arts-Los Angeles,746501,Los Angeles - Main Campus,1336 N. La Brea Avenue,Los Angeles,CA,90028,5,"Private nonprofit, 2-year",93.0,127.0,220.0,0.0,0.0,0.0,0.0,0.0,0.0,0.0,0.0,0.0,0.0,0.0,0.0,0.0,0.0,0.0,0.0,0.0,0.0,0.0,0.0,0.0,0.0,0.0,0.0,0.0,0.0,0.0,0.0,0.0,0.0,0.0,0.0,0.0,1,1,1,"1336 N. La Brea Avenue, Los Angeles, CA 90028",34.09502883673469,-118.3439916734694
108870001,American Film Institute Conservatory,2222000,American Film Institute Conservatory,2021 North Western Ave,Los Angeles,CA,90027,2,"Private nonprofit, 4-year or above",189.0,234.0,423.0,,,,,,,,,,,,,,,,,,,,,,,,,,,,,,,,,,1,1,1,"2021 North Western Ave, Los Angeles, CA 90027",34.10634659731544,-118.3093437852349
108977001,American Beauty College,1307400,Main Campus,652 South Sunset Ave,West Covina,CA,91790,9,"Private for-profit, less-than 2-year",55.0,179.0,234.0,,,,,,,,,,,,,,,,,,,,,,,,,,,,,,,,,,1,1,1,"652 South Sunset Ave, West Covina, CA 91790",34.069635136949096,-117.93755264264844
109040001,American Career College-Los Angeles,2241800,Los Angeles,4021 Rosewood Ave,Los Angeles,CA,90004,6,"Private for-profit, 2-year",447.0,1522.0,1969.0,,,,,,,,,,,,,,,,,,,,,,,,,,,,,,,,,,1,1,1,"4021 Rosewood Ave, Los Angeles, CA 90004",34.078965,-118.2930197142857
109208002,American River College,123200,Natomas Center,2421 Del Paso Rd,Sacramento,CA,95835,4,"Public, 2-year",14210.0,13212.0,27422.0,,,,,,,,,,,,,,,,,,,,,,,,,,,,,,,,,,1,1,1,"2421 Del Paso Rd, Sacramento, CA 95835",38.65590189261745,-121.51365545637584
109651001,Art Center College of Design,111600,Hillside Campus,1700 LIDA ST,PASADENA,CA,91103,2,"Private nonprofit, 4-year or above",1033.0,1387.0,2420.0,,,,,,,,,,,,,,,,,,,,,,,,,,,,,,,,,,1,1,1,"1700 LIDA ST, PASADENA, CA 91103",34.17113543903933,-118.18897558540036
109785001,Azusa Pacific University,111700,Azusa (main campus),901 E. Alosta Ave.,AZUSA,CA,91702,2,"Private nonprofit, 4-year or above",2036.0,5133.0,7169.0,0.0,0.0,0.0,2.0,0.0,0.0,0.0,0.0,0.0,0.0,0.0,0.0,0.0,2.0,0.0,0.0,0.0,0.0,0.0,11.0,0.0,1.0,0.0,0.0,1.0,0.0,0.0,0.0,0.0,0.0,4.0,0.0,0.0,1,1,1,"901 E. Alosta Ave., AZUSA, CA 91702",34.1307355,-117.8896377
109785002,Azusa Pacific University,111700,Inland Empire Regional Campus,375 W. Hospitality Lane,San Bernardino,CA,92408,2,"Private nonprofit, 4-year or above",2036.0,5133.0,7169.0,,,,,,,,,,,,,,,,,,,,,,,,,,,,,,,,,,1,1,1,"375 W. Hospitality Lane, San Bernardino, CA 92408",34.066032842952296,-117.2918539148151
109785006,Azusa Pacific University,111700,High Desert Regional Campus,15283 Pahute Avenue,Victorville,CA,92395,2,"Private nonprofit, 4-year or above",2036.0,5133.0,7169.0,,,,,,,,,,,,,,,,,,,,,,,,,,,,,,,,,,1,1,1,"15283 Pahute Avenue, Victorville, CA 92395",34.4782884,-117.2721221
109785008,Azusa Pacific University,111700,Murrieta Regional Campus,40508 Murrieta Hot Springs Road,Murrieta,CA,92563,2,"Private nonprofit, 4-year or above",2036.0,5133.0,7169.0,,,,,,,,,,,,,,,,,,,,,,,,,,,,,,,,,,1,1,1,"40508 Murrieta Hot Springs Road, Murrieta, CA 92563",33.556300038114806,-117.17880378401608
109819001,Bakersfield College,111800,Bakersfield College,1801 Panorama Drive,Bakersfield,CA,93305,1,"Public, 4-year or above",11728.0,15145.0,26873.0,,,,,,,,,,,,,,,,,,,,,,,,,,,,,,,,,,1,1,1,"1801 Panorama Drive, Bakersfield, CA 93305",35.40876565,-118.97202598366874
109819002,Bakersfield College,111800,Bakersfield College Southwest Campus,9400 Camino Media,BAKERSFIELD,CA,93305,1,"Public, 4-year or above",11728.0,15145.0,26873.0,,,,,,,,,,,,,,,,,,,,,,,,,,,,,,,,,,1,1,1,"9400 Camino Media, BAKERSFIELD, CA 93305",35.3432702,-119.10688414249373
109819004,Bakersfield College,111800,Bakersfield College Weill Institute Campus,2100 Chester Avenue,BAKERSFIELD,CA,93305,1,"Public, 4-year or above",11728.0,15145.0,26873.0,,,,,,,,,,,,,,,,,,,,,,,,,,,,,,,,,,1,1,1,"2100 Chester Avenue, BAKERSFIELD, CA 93305",35.378241,-119.018688
110060001,Bethesda University,3266300,Bethesda University,730 N. Euclid St.,Anaheim,CA,92801,2,"Private nonprofit, 4-year or above",188.0,76.0,264.0,,,,,,,,,,,,,,,,,,,,,,,,,,,,,,,,,,1,1,1,"730 N. Euclid St., Anaheim, CA 92801",33.84230525,-117.94110051752864
110097013,Biola University,112200,New York,1974 Coney Island Avenue ,Brooklyn,NY,11223,2,"Private nonprofit, 4-year or above",2405.0,2982.0,5387.0,0.0,0.0,0.0,0.0,0.0,0.0,0.0,0.0,0.0,0.0,0.0,0.0,0.0,0.0,0.0,0.0,0.0,0.0,0.0,0.0,0.0,0.0,0.0,0.0,0.0,0.0,0.0,0.0,0.0,0.0,0.0,0.0,0.0,1,1,1,"1974 Coney Island Avenue , Brooklyn, NY 11223",40.6089439,-73.96244226138434
110219001,Bryan University,716400,Main Campus,350 w washington st,Tempe,AZ,85281,3,"Private for-profit, 4-year or above",365.0,1402.0,1767.0,,,,,,,,,,,,,,,,,,,,,,,,,,,,,,,,,,1,1,1,"350 w washington st, Tempe, AZ 85281",33.4377971,-111.9440223
110316001,California Institute of Integral Studies,1215400,Main Campus,1453 Mission St,San Francisco,CA,94103,2,"Private nonprofit, 4-year or above",407.0,1738.0,2145.0,,,,,,,,,,,,,,,,,,,,,,,,,,,,,,,,,,1,1,1,"1453 Mission St, San Francisco, CA 94103",37.7747168367347,-122.416462877551
110334001,Cabrillo College,112400,Aptos Campus,6500 SOQUEL DR,APTOS,CA,95003,4,"Public, 2-year",4001.0,5148.0,9149.0,,,,,,,,,,,,,,,,,,,,,,,,,,,,,,,,,,1,1,1,"6500 SOQUEL DR, APTOS, CA 95003",36.988154,-121.924494
110334002,Cabrillo College,112400,Watsonville Center,318 Union St.,Watsonville,CA,95076,4,"Public, 2-year",4001.0,5148.0,9149.0,,,,,,,,,,,,,,,,,,,,,,,,,,,,,,,,,,1,1,1,"318 Union St., Watsonville, CA 95076",36.91044090243903,-121.75539968292682
110361007,California Baptist University,112500,California Baptist University - Online and Professional Studies,10370 Hemet Street,Riverside,CA,92503,2,"Private nonprofit, 4-year or above",3915.0,7580.0,11495.0,,,,,,,,,,,,,,,,,,,,,,,,,,,,,,,,,,1,1,1,"10370 Hemet Street, Riverside, CA 92503",33.908535920366624,-117.45974807772762
110370001,California College of the Arts,112700,San Francisco Campus,80 Carolina St.,San Francisco ,CA,94107,2,"Private nonprofit, 4-year or above",532.0,969.0,1501.0,0.0,0.0,0.0,0.0,0.0,0.0,0.0,0.0,0.0,0.0,0.0,0.0,0.0,0.0,0.0,0.0,0.0,0.0,0.0,0.0,0.0,0.0,0.0,0.0,0.0,1.0,0.0,0.0,0.0,0.0,0.0,0.0,0.0,1,1,1,"80 Carolina St., San Francisco , CA 94107",37.7678329,-122.40129634286436
110413007,California Lutheran University,113300,Linz Campus,Auf der Gugl 3,Linz,,4021,2,"Private nonprofit, 4-year or above",1545.0,2070.0,3615.0,,,,,,,,,,,,,,,,,,,,,,,,,,,,,,,,,,1,1,1,,46.3144754,11.0480288
110413008,California Lutheran University,113300,Wien Campus,Modecenterstrasse 22,Wien,,1030,2,"Private nonprofit, 4-year or above",1545.0,2070.0,3615.0,,,,,,,,,,,,,,,,,,,,,,,,,,,,,,,,,,1,1,1,,46.3144754,11.0480288
110413009,California Lutheran University,113300,Graz Campus,Karntnerstrasse 311,Graz,,8054,2,"Private nonprofit, 4-year or above",1545.0,2070.0,3615.0,,,,,,,,,,,,,,,,,,,,,,,,,,,,,,,,,,1,1,1,,46.3144754,11.0480288
110468002,Alliant International University-San Diego,1111700,Alliant International University - Fresno,5130 E. Clinton Way,Fresno,CA,93727,3,"Private for-profit, 4-year or above",833.0,2766.0,3599.0,,,,,,,,,,,,,,,,,,,,,,,,,,,,,,,,,,1,1,1,"5130 E. Clinton Way, Fresno, CA 93727",36.76686,-119.720568
110510002,California State University-San Bernardino,114200,Palm Desert Satellite Campus,37500 Cook St,Palm Desert,CA,92211,1,"Public, 4-year or above",7420.0,12383.0,19803.0,,,,,,,,,,,,,,,,,,,,,,,,,,,,,,,,,,1,1,1,"37500 Cook St, Palm Desert, CA 92211",33.7726078,-116.3558193
110529001,California State Polytechnic University-Pomona,114400,Main Campus,3801 W TEMPLE AVE,POMONA,CA,91768,1,"Public, 4-year or above",14779.0,12724.0,27503.0,0.0,0.0,4.0,2.0,0.0,0.0,0.0,0.0,4.0,0.0,0.0,0.0,0.0,14.0,4.0,0.0,0.0,0.0,0.0,2.0,0.0,0.0,0.0,0.0,7.0,2.0,0.0,0.0,0.0,0.0,7.0,0.0,0.0,1,1,1,"3801 W TEMPLE AVE, POMONA, CA 91768",34.05020965,-117.81478935
110556001,California State University-Fresno,114700,Main Campus,5200 N BARTON AVE,FRESNO,CA,93740,1,"Public, 4-year or above",9584.0,14415.0,23999.0,0.0,0.0,0.0,0.0,0.0,0.0,0.0,0.0,0.0,0.0,0.0,0.0,0.0,0.0,0.0,0.0,0.0,0.0,0.0,0.0,0.0,0.0,0.0,0.0,0.0,0.0,0.0,0.0,0.0,0.0,0.0,0.0,0.0,1,1,1,"5200 N BARTON AVE, FRESNO, CA 93740",36.8085219,-119.7497326
110556002,California State University-Fresno,114700,Visalia Campus,1945 W. Meadow Avenue,Visalia,CA,93277,1,"Public, 4-year or above",9584.0,14415.0,23999.0,,,,,,,,,,,,,,,,,,,,,,,,,,,,,,,,,,1,1,1,"1945 W. Meadow Avenue, Visalia, CA 93277",36.32194220408163,-119.3143028367347
110574001,California State University-East Bay,113800,Main Campus,25800 CARLOS BEE BLVD,HAYWARD,CA,94542,1,"Public, 4-year or above",5481.0,8192.0,13673.0,0.0,0.0,2.0,1.0,0.0,0.0,0.0,0.0,2.0,0.0,0.0,0.0,0.0,1.0,0.0,0.0,0.0,0.0,0.0,2.0,0.0,0.0,0.0,0.0,3.0,2.0,0.0,0.0,1.0,0.0,2.0,0.0,0.0,1,1,1,"25800 CARLOS BEE BLVD, HAYWARD, CA 94542",37.65552355,-122.05587721694027
110574002,California State University-East Bay,113800,Concord Center,4700 Ygnacio Valley Rd,Concord,CA,94521,1,"Public, 4-year or above",5481.0,8192.0,13673.0,,,,,,,,,,,,,,,,,,,,,,,,,,,,,,,,,,1,1,1,"4700 Ygnacio Valley Rd, Concord, CA 94521",37.9496002,-121.960641
110592001,California State University-Los Angeles,114000,"California State University, Los Angeles",5151 STATE UNIVERSITY DR,LOS ANGELES,CA,90032,1,"Public, 4-year or above",10904.0,15556.0,26460.0,0.0,0.0,2.0,1.0,0.0,0.0,0.0,0.0,0.0,0.0,0.0,0.0,0.0,1.0,0.0,0.0,0.0,0.0,1.0,8.0,0.0,0.0,0.0,0.0,4.0,0.0,0.0,0.0,0.0,0.0,5.0,0.0,0.0,1,1,1,"5151 STATE UNIVERSITY DR, LOS ANGELES, CA 90032",34.066494899999995,-118.16714151663224
110592002,California State University-Los Angeles,114000,Cal State LA Downtown,801 S. Grand Avenue,Los Angeles,CA,90017,1,"Public, 4-year or above",10904.0,15556.0,26460.0,,,,,,,,,,,,,,,,,,,,,,,,,,,,,,,,,,1,1,1,"801 S. Grand Avenue, Los Angeles, CA 90017",34.0457316,-118.2583612
110592003,California State University-Los Angeles,114000,The Alhambra ,1000 S. Fremont Ave,Alhambra,CA,91803,1,"Public, 4-year or above",10904.0,15556.0,26460.0,,,,,,,,,,,,,,,,,,,,,,,,,,,,,,,,,,1,1,1,"1000 S. Fremont Ave, Alhambra, CA 91803",34.083937,-118.151796
110617001,California State University-Sacramento,115000,Sacramento State,6000 J Street,Sacramento,CA,95819,1,"Public, 4-year or above",13586.0,18232.0,31818.0,0.0,0.0,8.0,2.0,0.0,0.0,0.0,0.0,6.0,0.0,0.0,0.0,0.0,5.0,2.0,0.0,0.0,0.0,0.0,3.0,0.0,0.0,0.0,0.0,3.0,6.0,0.0,0.0,1.0,0.0,2.0,0.0,0.0,1,1,1,"6000 J Street, Sacramento, CA 95819",38.5600476,-121.4218876
110635003,University of California-Berkeley,131200,University of California Washington Center,1608 Rhode Island Ave. NW,Washington,DC,20036,1,"Public, 4-year or above",20985.0,24322.0,45307.0,0.0,0.0,0.0,0.0,0.0,0.0,0.0,0.0,0.0,0.0,0.0,0.0,0.0,0.0,0.0,0.0,0.0,0.0,0.0,0.0,0.0,0.0,0.0,0.0,0.0,0.0,0.0,0.0,0.0,0.0,0.0,0.0,0.0,1,1,1,"1608 Rhode Island Ave. NW, Washington, DC 20036",38.90651435,-77.03737669188929
110644002,University of California-Davis,131300,UC Davis Medical Center,2315 Stockton Blvd.,Sacramento,CA,95817,1,"Public, 4-year or above",16261.0,23418.0,39679.0,,,,,,,,,,,,,,,,,,,,,,,,,,,,,,,,,,1,1,1,"2315 Stockton Blvd., Sacramento, CA 95817",38.5520732,-121.4508645
110653001,University of California-Irvine,131400,UCI Main Campus,"University of California, Irvine",IRVINE,CA,92697,1,"Public, 4-year or above",16257.0,19680.0,35937.0,0.0,0.0,9.0,7.0,0.0,0.0,0.0,3.0,19.0,0.0,1.0,0.0,0.0,13.0,5.0,0.0,2.0,0.0,2.0,16.0,0.0,0.0,0.0,0.0,20.0,12.0,0.0,0.0,0.0,1.0,12.0,0.0,0.0,1,1,1,"University of California, Irvine, IRVINE, CA 92697",33.64294685,-117.84016055716224
110671001,University of California-Riverside,131600,Main Campus,900 University Avenue,Riverside,CA,92521,1,"Public, 4-year or above",13193.0,13616.0,26809.0,0.0,0.0,3.0,6.0,0.0,0.0,1.0,0.0,13.0,0.0,1.0,0.0,0.0,9.0,5.0,0.0,0.0,0.0,0.0,5.0,0.0,0.0,0.0,0.0,9.0,7.0,0.0,0.0,0.0,4.0,15.0,0.0,0.0,1,1,1,"900 University Avenue, Riverside, CA 92521",33.9753122,-117.3362121
110671002,University of California-Riverside,131600,UCR Palm Desert Center,75080 Frank Sinatra Drive,Palm Desert,CA,92211,1,"Public, 4-year or above",13193.0,13616.0,26809.0,,,,,,,,,,,,,,,,,,,,,,,,,,,,,,,,,,1,1,1,"75080 Frank Sinatra Drive, Palm Desert, CA 92211",33.772875,-116.354769
110699004,University of California-San Francisco,131900,UCSF Benioff Children's Hospital - Oakland,747 52nd Street,Oakland,CA,94609,1,"Public, 4-year or above",1119.0,2021.0,3140.0,,,,,,,,,,,,,,,,,,,,,,,,,,,,,,,,,,1,1,1,"747 52nd Street, Oakland, CA 94609",37.83679355,-122.2670841921262
110699005,University of California-San Francisco,131900,UCSF Fresno,155 N Fresno Street,Fresno,CA,93701,1,"Public, 4-year or above",1119.0,2021.0,3140.0,,,,,,,,,,,,,,,,,,,,,,,,,,,,,,,,,,1,1,1,"155 N Fresno Street, Fresno, CA 93701",36.74418573524902,-119.78167136732226
110778002,Sofia University,2267600,Branch Campus,3333 Harbor Blvd.,Costa Mesa,CA,92626,3,"Private for-profit, 4-year or above",319.0,629.0,948.0,,,,,,,,,,,,,,,,,,,,,,,,,,,,,,,,,,0,0,1,"3333 Harbor Blvd., Costa Mesa, CA 92626",33.6950437,-117.92154612186935
111188002,California State University Maritime Academy,113400,The Training Ship Golden Bear,200 Maritime Academy Dr.,Vallejo,CA,94590,1,"Public, 4-year or above",673.0,176.0,849.0,0.0,0.0,0.0,0.0,0.0,0.0,0.0,0.0,0.0,0.0,0.0,0.0,0.0,0.0,0.0,0.0,0.0,0.0,0.0,0.0,0.0,0.0,0.0,0.0,0.0,0.0,0.0,0.0,0.0,0.0,0.0,0.0,0.0,1,1,1,"200 Maritime Academy Dr., Vallejo, CA 94590",38.074009,-122.230867
111391001,California Western School of Law,1310300,California Western School of Law,225 Cedar St.,SAN DIEGO,CA,92101,2,"Private nonprofit, 4-year or above",241.0,382.0,623.0,,,,,,,,,,,,,,,,,,,,,,,,,,,,,,,,,,1,1,1,"225 Cedar St., SAN DIEGO, CA 92101",32.721739,-117.162491
111717001,CET-San Jose,2332800,CET-San Jose Main Campus,701 VINE ST,SAN JOSE,CA,95110,8,"Private nonprofit, less-than 2-year",146.0,37.0,183.0,,,,,,,,,,,,,,,,,,,,,,,,,,,,,,,,,,1,1,1,"701 VINE ST, SAN JOSE, CA 95110",37.3229712,-121.88731970639854
111726001,CET-El Centro,2332810,El Centro,294 S 3rd St,El Centro,CA,92243,8,"Private nonprofit, less-than 2-year",114.0,34.0,148.0,,,,,,,,,,,,,,,,,,,,,,,,,,,,,,,,,,1,1,1,"294 S 3rd St, El Centro, CA 92243",32.790927755877654,-115.548913
111762001,CET-Watsonville,2332819,Center for Employment Training,10 BLANCA LANE,WATSONVILLE,CA,95076,8,"Private nonprofit, less-than 2-year",58.0,45.0,103.0,,,,,,,,,,,,,,,,,,,,,,,,,,,,,,,,,,1,1,1,"10 BLANCA LANE, WATSONVILLE, CA 95076",36.93302410204082,-121.7673087142857
111799001,CET-Salinas,2332813,Salinas Campus,24 East Alvin Drive,SALINAS,CA,93906,8,"Private nonprofit, less-than 2-year",26.0,131.0,157.0,,,,,,,,,,,,,,,,,,,,,,,,,,,,,,,,,,1,1,1,"24 East Alvin Drive, SALINAS, CA 93906",36.70785192118089,-121.65311039273782
111896004,Cerro Coso Community College,1011100,Mammoth Lakes,101 College Parkway,Mammoth Lakes,CA,93546,4,"Public, 2-year",2097.0,2822.0,4919.0,,,,,,,,,,,,,,,,,,,,,,,,,,,,,,,,,,1,1,1,"101 College Parkway, Mammoth Lakes, CA 93546",37.639959,-118.959416
111920001,Chabot College,116200,Chabot College Campus,25555 Hesperian blvd,Hayward,CA,94538,4,"Public, 2-year",5375.0,5361.0,10736.0,,,,,,,,,,,,,,,,,,,,,,,,,,,,,,,,,,1,1,1,"25555 Hesperian blvd, Hayward, CA 94538",37.64219590958151,-122.10383846386938
111920002,Chabot College,116200,San Leandro Center,1448 Williams Street San Leandro ,San Leandro ,CA,94577,4,"Public, 2-year",5375.0,5361.0,10736.0,,,,,,,,,,,,,,,,,,,,,,,,,,,,,,,,,,1,1,1,"1448 Williams Street San Leandro , San Leandro , CA 94577",37.7147804,-122.16912017302604
111939002,Chaffey College,116300,Chino Campus,5897 College Park Avenue,Chino,CA,91710,4,"Public, 2-year",7552.0,11686.0,19238.0,,,,,,,,,,,,,,,,,,,,,,,,,,,,,,,,,,1,1,1,"5897 College Park Avenue, Chino, CA 91710",33.99221158409448,-117.68855141727492
111939003,Chaffey College,116300,Fontana Campus,16855 Merrill Avenue,Fontana,CA,92335,4,"Public, 2-year",7552.0,11686.0,19238.0,,,,,,,,,,,,,,,,,,,,,,,,,,,,,,,,,,1,1,1,"16855 Merrill Avenue, Fontana, CA 92335",34.09220057022391,-117.4367703820874
111948002,Chapman University,116400,Rinker Health Science Campus,9401 Jeronimo Rd,Irvine,CA,92618,2,"Private nonprofit, 4-year or above",3948.0,6066.0,10014.0,,,,,,,,,,,,,,,,,,,,,,,,,,,,,,,,,,1,1,1,"9401 Jeronimo Rd, Irvine, CA 92618",33.652452,-117.720975
111966001,Charles R Drew University of Medicine and Science,1036500,Main Campus,1731 E 120TH ST,LOS ANGELES,CA,90059,2,"Private nonprofit, 4-year or above",221.0,556.0,777.0,,,,,,,,,,,,,,,,,,,,,,,,,,,,,,,,,,1,1,1,"1731 E 120TH ST, LOS ANGELES, CA 90059",33.92466344759276,-118.24336949573755
112084001,San Diego Christian College,1203100,Main Campus,280 Riverview Parkway,Santee,CA,92071,2,"Private nonprofit, 4-year or above",165.0,190.0,355.0,0.0,0.0,0.0,0.0,0.0,0.0,0.0,0.0,1.0,0.0,0.0,0.0,0.0,0.0,0.0,0.0,0.0,0.0,0.0,0.0,0.0,0.0,0.0,0.0,0.0,0.0,0.0,0.0,0.0,0.0,1.0,0.0,0.0,1,1,1,"280 Riverview Parkway, Santee, CA 92071",32.842413449999995,-116.9780764042371
112190004,City College of San Francisco,450200,Chinatown/ North Beach Campus,808 Kearny St.,San Francisco,CA,94108,4,"Public, 2-year",7388.0,8746.0,16134.0,,,,,,,,,,,,,,,,,,,,,,,,,,,,,,,,,,1,1,1,"808 Kearny St., San Francisco, CA 94108",37.7956449,-122.4048543
112190005,City College of San Francisco,450200,Downtown Campus,88 4th St.,San Francisco,CA,94103,4,"Public, 2-year",7388.0,8746.0,16134.0,,,,,,,,,,,,,,,,,,,,,,,,,,,,,,,,,,1,1,1,"88 4th St., San Francisco, CA 94103",37.784557,-122.40472965200146
112190006,City College of San Francisco,450200,Evans Campus,1400 Evans Ave.,San Francisco,CA,94124,4,"Public, 2-year",7388.0,8746.0,16134.0,,,,,,,,,,,,,,,,,,,,,,,,,,,,,,,,,,1,1,1,"1400 Evans Ave., San Francisco, CA 94124",37.741097,-122.384726
112190008,City College of San Francisco,450200,John Adams Campus,1860 Hayes St.,San Francisco,CA,94117,4,"Public, 2-year",7388.0,8746.0,16134.0,,,,,,,,,,,,,,,,,,,,,,,,,,,,,,,,,,1,1,1,"1860 Hayes St., San Francisco, CA 94117",37.7740772,-122.4469036
112190011,City College of San Francisco,450200,Mission Campus,1125 Valencia St.,San Francisco,CA,94110,4,"Public, 2-year",7388.0,8746.0,16134.0,,,,,,,,,,,,,,,,,,,,,,,,,,,,,,,,,,1,1,1,"1125 Valencia St., San Francisco, CA 94110",37.7550761,-122.420004
112288001,Milan Institute-Visalia,2497300,Milan Institute,6500 S. Mooney Blvd.,Visalia,CA,93277,9,"Private for-profit, less-than 2-year",20.0,469.0,489.0,,,,,,,,,,,,,,,,,,,,,,,,,,,,,,,,,,1,1,1,"6500 S. Mooney Blvd., Visalia, CA 93277",36.2715348,-119.31187973885918
112385002,Coastline Community College,2063500,Garden Grove Campus,12901 Euclid Street,Garden Grove,CA,92840,4,"Public, 2-year",4452.0,3625.0,8077.0,,,,,,,,,,,,,,,,,,,,,,,,,,,,,,,,,,1,1,1,"12901 Euclid Street, Garden Grove, CA 92840",33.775448194166756,-117.93803151394782
112385005,Coastline Community College,2063500,Newport Beach Center,1515 Monrovia Avenue,Newport Beach,CA,92663,4,"Public, 2-year",4452.0,3625.0,8077.0,,,,,,,,,,,,,,,,,,,,,,,,,,,,,,,,,,1,1,1,"1515 Monrovia Avenue, Newport Beach, CA 92663",33.6293756,-117.93706147156963
112394001,University of Silicon Valley,117700,Main Campus,191 Baypointe Parkway,San Jose,CA,95134,3,"Private for-profit, 4-year or above",285.0,105.0,390.0,0.0,0.0,0.0,0.0,0.0,0.0,0.0,0.0,1.0,34.0,0.0,0.0,0.0,0.0,0.0,0.0,0.0,0.0,0.0,3.0,13.0,0.0,0.0,0.0,0.0,0.0,0.0,0.0,0.0,0.0,0.0,19.0,0.0,1,1,1,"191 Baypointe Parkway, San Jose, CA 95134",37.4140635,-121.9410002
112455001,Coba Academy,3577300,Main Campus,663 N. Euclid Street,Anaheim,CA,92801,9,"Private for-profit, less-than 2-year",27.0,84.0,111.0,,,,,,,,,,,,,,,,,,,,,,,,,,,,,,,,,,1,1,1,"663 N. Euclid Street, Anaheim, CA 92801",33.84100261145987,-117.94169872287662
112525002,Western University of Health Sciences,2482700,Oregon,200 Mullins Drive,Lebanon,OR,97355,2,"Private nonprofit, 4-year or above",1354.0,2370.0,3724.0,,,,,,,,,,,,,,,,,,,,,,,,,,,,,,,,,,1,1,1,"200 Mullins Drive, Lebanon, OR 97355",44.54920525,-122.91044412672927
112525003,Western University of Health Sciences,2482700,CHS - College of Health Sciences,2665 South Santiam Hwy,Lebanon,OR,97355,2,"Private nonprofit, 4-year or above",1354.0,2370.0,3724.0,,,,,,,,,,,,,,,,,,,,,,,,,,,,,,,,,,0,0,1,"2665 South Santiam Hwy, Lebanon, OR 97355",44.521639240402315,-122.90521986299213
112561001,Columbia College,770700,Main Campus,11600 COLUMBIA COLLEGE DR,SONORA,CA,95370,4,"Public, 2-year",1016.0,1333.0,2349.0,0.0,0.0,0.0,0.0,0.0,0.0,0.0,0.0,0.0,0.0,0.0,0.0,0.0,0.0,0.0,0.0,0.0,0.0,0.0,0.0,0.0,0.0,0.0,0.0,0.0,0.0,0.0,0.0,0.0,0.0,0.0,0.0,0.0,1,1,1,"11600 COLUMBIA COLLEGE DR, SONORA, CA 95370",38.0285983,-120.3861569
112570001,Columbia College Hollywood,2110200,Main Campus,18618 OXNARD ST,TARZANA,CA,91356,2,"Private nonprofit, 4-year or above",169.0,122.0,291.0,,,,,,,,,,,,,,,,,,,,,,,,,,,,,,,,,,1,1,1,"18618 OXNARD ST, TARZANA, CA 91356",34.179903748453796,-118.5390054902616
112826001,Contra Costa College,119000,Main Campus,2600 MISSION BELL DR,SAN PABLO,CA,94806,4,"Public, 2-year",2329.0,3503.0,5832.0,,,,,,,,,,,,,,,,,,,,,,,,,,,,,,,,,,1,1,1,"2600 MISSION BELL DR, SAN PABLO, CA 94806",37.9694356,-122.3365901773314
113193002,Cuesta College,119200,Paso Robles Campus,2800 Buena Vista,Paso Robles,CA,93446,4,"Public, 2-year",4876.0,5032.0,9908.0,,,,,,,,,,,,,,,,,,,,,,,,,,,,,,,,,,1,1,1,"2800 Buena Vista, Paso Robles, CA 93446",35.6504991,-120.6707462
113193003,Cuesta College,119200,Arroyo Grande Learning Center,495 Valley Road,Arroyo Grande,CA,93420,4,"Public, 2-year",4876.0,5032.0,9908.0,,,,,,,,,,,,,,,,,,,,,,,,,,,,,,,,,,1,1,1,"495 Valley Road, Arroyo Grande, CA 93420",35.11475667200021,-120.58130142140692
113218001,Cuyamaca College,2111300,Cuyamaca College,900 RANCHO SAN DIEGO PKWY,EL CAJON,CA,92019,4,"Public, 2-year",3528.0,4515.0,8043.0,,,,,,,,,,,,,,,,,,,,,,,,,,,,,,,,,,1,1,1,"900 RANCHO SAN DIEGO PKWY, EL CAJON, CA 92019",32.744661550000004,-116.94070285099852
113333001,De Anza College,448000,Main Campus,21250 STEVENS CREEK BLVD,CUPERTINO,CA,95014,4,"Public, 2-year",8276.0,8059.0,16335.0,,,,,,,,,,,,,,,,,,,,,,,,,,,,,,,,,,1,1,1,"21250 STEVENS CREEK BLVD, CUPERTINO, CA 95014",37.322366,-122.0464916
113573001,College of the Desert,118200,College of the Desert  - Main Campus,43-500 MONTEREY AVE,PALM DESERT,CA,92260,4,"Public, 2-year",4367.0,6015.0,10382.0,,,,,,,,,,,,,,,,,,,,,,,,,,,,,,,,,,1,1,1,"43-500 MONTEREY AVE, PALM DESERT, CA 92260",33.7300199,-116.3910745
113573002,College of the Desert,118200,Eastern Valley Center,45524 Oasis Street,Indio,CA,92201,4,"Public, 2-year",4367.0,6015.0,10382.0,,,,,,,,,,,,,,,,,,,,,,,,,,,,,,,,,,1,1,1,"45524 Oasis Street, Indio, CA 92201",33.71854654482775,-116.22068829861506
113573003,College of the Desert,118200,Mecca Thermal Center,61120 Buchanan,Mecca,CA,92274,4,"Public, 2-year",4367.0,6015.0,10382.0,,,,,,,,,,,,,,,,,,,,,,,,,,,,,,,,,,1,1,1,"61120 Buchanan, Mecca, CA 92274",33.56934,-116.0952467
113573005,College of the Desert,118200,Western Valley Center,1300 East Baristo Road,Palm Springs,CA,92262,4,"Public, 2-year",4367.0,6015.0,10382.0,,,,,,,,,,,,,,,,,,,,,,,,,,,,,,,,,,1,1,1,"1300 East Baristo Road, Palm Springs, CA 92262",33.819603,-116.532406
113582001,Design Institute of San Diego,2298000,Main Campus,8555 COMMERCE AVE,SAN DIEGO,CA,92121,3,"Private for-profit, 4-year or above",9.0,92.0,101.0,,,,,,,,,,,,,,,,,,,,,,,,,,,,,,,,,,1,1,1,"8555 COMMERCE AVE, SAN DIEGO, CA 92121",32.880886,-117.167324
113634001,Diablo Valley College,119100,Main Campus,321 GOLF CLUB RD,PLEASANT HILL,CA,94523,4,"Public, 2-year",7859.0,8238.0,16097.0,,,,,,,,,,,,,,,,,,,,,,,,,,,,,,,,,,1,1,1,"321 GOLF CLUB RD, PLEASANT HILL, CA 94523",37.9686779,-122.07042180855788
113980001,El Camino Community College District,119700,Main Campus,16007 Crenshaw Boulevard,Torrance,CA,90506,4,"Public, 2-year",9430.0,10514.0,19944.0,,,,,,,,,,,,,,,,,,,,,,,,,,,,,,,,,,1,1,1,"16007 Crenshaw Boulevard, Torrance, CA 90506",33.883844749999994,-118.33027803674338
113980002,El Camino Community College District,119700,Business Training Center ,13430 Hawthorne Blvd,Hawthorne,CA,90250,4,"Public, 2-year",9430.0,10514.0,19944.0,,,,,,,,,,,,,,,,,,,,,,,,,,,,,,,,,,0,0,1,"13430 Hawthorne Blvd, Hawthorne, CA 90250",33.91044012244898,-118.3522597755102
113980003,El Camino Community College District,119700,Fire Academy,206 W. Beach Ave,Inglewood,CA,90302,4,"Public, 2-year",9430.0,10514.0,19944.0,,,,,,,,,,,,,,,,,,,,,,,,,,,,,,,,,,0,0,1,"206 W. Beach Ave, Inglewood, CA 90302",33.9675307244898,-118.3562258265306
114433001,Feather River Community College District,859700,Main Campus,570 GOLDEN EAGLE AVE,QUINCY,CA,95971,1,"Public, 4-year or above",813.0,570.0,1383.0,0.0,0.0,0.0,0.0,0.0,0.0,0.0,0.0,0.0,0.0,0.0,0.0,0.0,0.0,0.0,0.0,0.0,0.0,1.0,0.0,0.0,0.0,0.0,0.0,0.0,0.0,0.0,0.0,0.0,0.0,0.0,0.0,0.0,1,1,1,"570 GOLDEN EAGLE AVE, QUINCY, CA 95971",39.9500901,-120.968011990122
114460001,Federico Beauty Institute,725300,Main Campus,1515 Sports Drive,SACRAMENTO,CA,95834,9,"Private for-profit, less-than 2-year",38.0,255.0,293.0,,,,,,,,,,,,,,,,,,,,,,,,,,,,,,,,,,1,1,1,"1515 Sports Drive, SACRAMENTO, CA 95834",38.648891000000006,-121.49750293928454
114549001,Fielding Graduate University,2096100,Main Campus,2020 De la Vina Street,SANTA BARBARA,CA,93105,2,"Private nonprofit, 4-year or above",215.0,785.0,1000.0,,,,,,,,,,,,,,,,,,,,,,,,,,,,,,,,,,1,1,1,"2020 De la Vina Street, SANTA BARBARA, CA 93105",34.42923405,-119.7172778047987
114585001,Five Branches University,3131300,Santa Cruz Campus,200 7TH Avenue,SANTA CRUZ,CA,95062,3,"Private for-profit, 4-year or above",73.0,262.0,335.0,,,,,,,,,,,,,,,,,,,,,,,,,,,,,,,,,,1,1,1,"200 7TH Avenue, SANTA CRUZ, CA 95062",36.9643361,-121.9979004
114716001,Foothill College,119900,Main Campus,12345 EL MONTE RD,LOS ALTOS HILLS,CA,94022,1,"Public, 4-year or above",6609.0,5825.0,12434.0,,,,,,,,,,,,,,,,,,,,,,,,,,,,,,,,,,1,1,1,"12345 EL MONTE RD, LOS ALTOS HILLS, CA 94022",37.3617114,-122.128271699476
114734001,Franciscan School of Theology,1179200,Franciscan School of Theology,San Diego,San Diego,CA,92110,2,"Private nonprofit, 4-year or above",38.0,28.0,66.0,,,,,,,,,,,,,,,,,,,,,,,,,,,,,,,,,,1,1,1,"San Diego, San Diego, CA 92110",32.7169643,-117.1700668
114761001,Fredrick and Charles Beauty College,2230900,Main Campus,831 F ST,EUREKA,CA,95501,9,"Private for-profit, less-than 2-year",9.0,63.0,72.0,,,,,,,,,,,,,,,,,,,,,,,,,,,,,,,,,,1,1,1,"831 F ST, EUREKA, CA 95501",40.79899593548402,-124.16514140483942
114789001,Fresno City College,130700,Main Campus,1101 E. UNIVERSITY AVE,Fresno,CA,93741,4,"Public, 2-year",10228.0,12381.0,22609.0,,,,,,,,,,,,,,,,,,,,,,,,,,,,,,,,,,1,1,1,"1101 E. UNIVERSITY AVE, Fresno, CA 93741",36.76793395,-119.79659135477152
114789002,Fresno City College,130700,Career Technology Center,2930 East Annadale Avenue,Fresno,CA,93725,4,"Public, 2-year",10228.0,12381.0,22609.0,,,,,,,,,,,,,,,,,,,,,,,,,,,,,,,,,,1,1,1,"2930 East Annadale Avenue, Fresno, CA 93725",36.69953810440921,-119.77547214766572
114813001,Fresno Pacific University,125300,Fresno Pacific University,1717 S Chestnut Ave,Fresno,CA,93702,2,"Private nonprofit, 4-year or above",785.0,2247.0,3032.0,0.0,0.0,0.0,0.0,0.0,0.0,0.0,0.0,0.0,0.0,0.0,0.0,0.0,2.0,0.0,0.0,0.0,0.0,0.0,2.0,0.0,0.0,0.0,0.0,0.0,2.0,0.0,0.0,0.0,0.0,0.0,0.0,0.0,1,1,1,"1717 S Chestnut Ave, Fresno, CA 93702",36.725980207211016,-119.73635563248956
114813004,Fresno Pacific University,125300,Bakersfield Campus,12775 Stockdale Hwy,Bakersfield,CA,93314,2,"Private nonprofit, 4-year or above",785.0,2247.0,3032.0,,,,,,,,,,,,,,,,,,,,,,,,,,,,,,,,,,1,1,1,"12775 Stockdale Hwy, Bakersfield, CA 93314",35.35107105,-119.14223452420684
114813005,Fresno Pacific University,125300,Merced Campus,3379 G St.,Merced,CA,95340,2,"Private nonprofit, 4-year or above",785.0,2247.0,3032.0,,,,,,,,,,,,,,,,,,,,,,,,,,,,,,,,,,1,1,1,"3379 G St., Merced, CA 95340",37.32657435,-120.47103045
114840001,Fuller Theological Seminary,120000,Fuller Pasadena,135 N OAKLAND AVE,PASADENA,CA,91182,2,"Private nonprofit, 4-year or above",1125.0,964.0,2089.0,0.0,0.0,0.0,0.0,0.0,0.0,0.0,0.0,2.0,0.0,0.0,0.0,0.0,0.0,2.0,0.0,0.0,0.0,0.0,7.0,0.0,0.0,0.0,0.0,0.0,0.0,0.0,0.0,0.0,0.0,5.0,0.0,0.0,1,1,1,"135 N OAKLAND AVE, PASADENA, CA 91182",34.147551,-118.1401529
114859001,Fullerton College,120100,FULLERTON COLLEGE,321 E CHAPMAN AVE,FULLERTON,CA,92832,4,"Public, 2-year",8571.0,9799.0,18370.0,,,,,,,,,,,,,,,,,,,,,,,,,,,,,,,,,,1,1,1,"321 E CHAPMAN AVE, FULLERTON, CA 92832",33.8760825,-117.91708852390022
114938001,Gavilan College,120200,Main Campus in Gilroy,5055 SANTA TERESA BLVD,GILROY,CA,95020,4,"Public, 2-year",2151.0,2410.0,4561.0,,,,,,,,,,,,,,,,,,,,,,,,,,,,,,,,,,1,1,1,"5055 SANTA TERESA BLVD, GILROY, CA 95020",36.9720652,-121.5684390749517
114938003,Gavilan College,120200,"Brigg's Building, Hollister",365 4TH STREET,HOLLISTER,CA,95023,4,"Public, 2-year",2151.0,2410.0,4561.0,,,,,,,,,,,,,,,,,,,,,,,,,,,,,,,,,,1,1,1,"365 4TH STREET, HOLLISTER, CA 95023",36.852396285714285,-121.40320381632654
114938004,Gavilan College,120200,Gavilan College Aviation,13021 Murphy Ave,San Martin,CA,95046,4,"Public, 2-year",2151.0,2410.0,4561.0,,,,,,,,,,,,,,,,,,,,,,,,,,,,,,,,,,1,1,1,"13021 Murphy Ave, San Martin, CA 95046",37.084607161958544,-121.6012956159785
114938005,Gavilan College,120200,Coyote Valley Educational Center,560 Bailey Avenue,San Jose,CA,95141,4,"Public, 2-year",2151.0,2410.0,4561.0,,,,,,,,,,,,,,,,,,,,,,,,,,,,,,,,,,1,1,1,"560 Bailey Avenue, San Jose, CA 95141",37.1906796,-121.74998107163746
115001003,Glendale Community College,120300,Montrose Campus (Professional Development Center),2340 Honolulu Ave,Glendale,CA,91020,4,"Public, 2-year",4798.0,5860.0,10658.0,,,,,,,,,,,,,,,,,,,,,,,,,,,,,,,,,,1,1,1,"2340 Honolulu Ave, Glendale, CA 91020",34.20574592206123,-118.22906384310808
115010001,Glendale Career College,2338500,Glendale Career College-GCC,240 N. Brand Blvd,Glendale,CA,91203,3,"Private for-profit, 4-year or above",160.0,501.0,661.0,,,,,,,,,,,,,,,,,,,,,,,,,,,,,,,,,,1,1,1,"240 N. Brand Blvd, Glendale, CA 91203",34.148831305920005,-118.25515703871191
115214001,Graduate Theological Union,120700,Main Campus,2400 RIDGE RD,BERKELEY,CA,94709,2,"Private nonprofit, 4-year or above",84.0,88.0,172.0,,,,,,,,,,,,,,,,,,,,,,,,,,,,,,,,,,1,1,1,"2400 RIDGE RD, BERKELEY, CA 94709",37.87554315,-122.26187415
115296001,Grossmont College,120800,GROSSMONT COLLEGE,8800 GROSSMONT COLLEGE DR,EL CAJON,CA,92020,4,"Public, 2-year",5313.0,7549.0,12862.0,,,,,,,,,,,,,,,,,,,,,,,,,,,,,,,,,,1,1,1,"8800 GROSSMONT COLLEGE DR, EL CAJON, CA 92020",32.81624805,-117.0054473694323
115393001,Hartnell College,120900,Main Campus,411 Central Avenue,SALINAS,CA,93901,4,"Public, 2-year",4107.0,4785.0,8892.0,,,,,,,,,,,,,,,,,,,,,,,,,,,,,,,,,,1,1,1,"411 Central Avenue, SALINAS, CA 93901",36.6734024,-121.66864363737731
115393003,Hartnell College,120900,Hartnell College Allisal Campus,1752 E. Alisal St.,Salinas,CA,93905,4,"Public, 2-year",4107.0,4785.0,8892.0,,,,,,,,,,,,,,,,,,,,,,,,,,,,,,,,,,1,1,1,"1752 E. Alisal St., Salinas, CA 93905",36.6721795,-121.60398239136336
115658001,Hilltop Beauty School,2285100,Main Campus,6317 MISSION ST,DALY CITY,CA,94014,9,"Private for-profit, less-than 2-year",8.0,94.0,102.0,,,,,,,,,,,,,,,,,,,,,,,,,,,,,,,,,,1,1,1,"6317 MISSION ST, DALY CITY, CA 94014",37.70592389617956,-122.4610373609217
115746001,Pacifica Graduate Institute,3126800,Lambert Campus,249 LAMBERT RD,CARPINTERIA,CA,93013,3,"Private for-profit, 4-year or above",229.0,622.0,851.0,0.0,0.0,0.0,0.0,0.0,0.0,0.0,0.0,0.0,0.0,0.0,0.0,0.0,0.0,0.0,0.0,0.0,0.0,0.0,0.0,0.0,0.0,0.0,0.0,0.0,0.0,0.0,0.0,0.0,0.0,0.0,0.0,0.0,1,1,1,"249 LAMBERT RD, CARPINTERIA, CA 93013",34.421235,-119.580987
115861001,Imperial Valley College,121400,Imperial Valley College - Main Campus,380 E. Aten Road,IMPERIAL,CA,92251,4,"Public, 2-year",3376.0,4371.0,7747.0,,,,,,,,,,,,,,,,,,,,,,,,,,,,,,,,,,1,1,1,"380 E. Aten Road, IMPERIAL, CA 92251",32.8293195,-115.50553593795672
115931001,Institute for Business and Technology,2128300,Institute for Business and Technology,2400 Walsh Avenue,SANTA CLARA,CA,95051,6,"Private for-profit, 2-year",494.0,120.0,614.0,,,,,,,,,,,,,,,,,,,,,,,,,,,,,,,,,,1,1,1,"2400 Walsh Avenue, SANTA CLARA, CA 95051",37.369369,-121.969114
116226001,Interior Designers Institute,2520300,Main Campus,1061 Camelback Street,Newport Beach,CA,92660,3,"Private for-profit, 4-year or above",6.0,90.0,96.0,,,,,,,,,,,,,,,,,,,,,,,,,,,,,,,,,,1,1,1,"1061 Camelback Street, Newport Beach, CA 92660",33.6412885,-117.8657585733902
117104001,Life Pacific University,2270600,Life Pacific University,1100 W. Covina Blvd,San Dimas,CA,91773,2,"Private nonprofit, 4-year or above",234.0,266.0,500.0,0.0,0.0,0.0,0.0,0.0,0.0,0.0,0.0,0.0,0.0,0.0,0.0,0.0,0.0,0.0,0.0,0.0,0.0,0.0,0.0,0.0,0.0,0.0,0.0,1.0,0.0,0.0,0.0,0.0,0.0,0.0,0.0,0.0,1,1,1,"1100 W. Covina Blvd, San Dimas, CA 91773",34.09927,-117.829125
117140014,University of La Verne,121600,ONTARIO COLLEGE OF LAW,320 D STREET,ONTARIO,CA,91764,2,"Private nonprofit, 4-year or above",1994.0,3668.0,5662.0,,,,,,,,,,,,,,,,,,,,,,,,,,,,,,,,,,1,1,1,"320 D STREET, ONTARIO, CA 91764",34.065776502241505,-117.6139917462444
117140021,University of La Verne,121600,College of the Canyons Regional Campus (Santa Clarita Campus),26455 Rockwell CAnyon Rd.,Santa Clarita,CA,91355,2,"Private nonprofit, 4-year or above",1994.0,3668.0,5662.0,,,,,,,,,,,,,,,,,,,,,,,,,,,,,,,,,,1,1,1,"26455 Rockwell CAnyon Rd., Santa Clarita, CA 91355",34.40816685641244,-118.56791692248912
117168001,Laguna College of Art and Design,2330500,Main Campus,2222 LAGUNA CANYON RD,LAGUNA BEACH,CA,92651,2,"Private nonprofit, 4-year or above",198.0,562.0,760.0,0.0,0.0,0.0,0.0,0.0,0.0,0.0,0.0,0.0,0.0,0.0,0.0,0.0,0.0,0.0,0.0,0.0,0.0,0.0,0.0,0.0,0.0,0.0,0.0,0.0,0.0,0.0,0.0,0.0,0.0,0.0,0.0,0.0,1,1,1,"2222 LAGUNA CANYON RD, LAGUNA BEACH, CA 92651",33.548326483547854,-117.78184545660471
117247001,Laney College,126600,Laney College,900 FALLON ST,OAKLAND,CA,94607,4,"Public, 2-year",4299.0,5354.0,9653.0,,,,,,,,,,,,,,,,,,,,,,,,,,,,,,,,,,1,1,1,"900 FALLON ST, OAKLAND, CA 94607",37.7940769,-122.2631891
117627001,La Sierra University,121500,La Sierra University,4500 Riverwalk Parkway,RIVERSIDE,CA,92515,2,"Private nonprofit, 4-year or above",643.0,971.0,1614.0,0.0,0.0,0.0,0.0,0.0,0.0,0.0,1.0,1.0,0.0,0.0,0.0,0.0,0.0,0.0,0.0,0.0,0.0,0.0,0.0,0.0,0.0,0.0,0.0,0.0,0.0,0.0,0.0,0.0,0.0,2.0,0.0,0.0,1,1,1,"4500 Riverwalk Parkway, RIVERSIDE, CA 92515",33.91160765,-117.49949725355692
117627002,La Sierra University,121500,La Sierra University-Corona Campus of Criminal Justice,1305 Corona Pointe,Corona,CA,92879,2,"Private nonprofit, 4-year or above",643.0,971.0,1614.0,,,,,,,,,,,,,,,,,,,,,,,,,,,,,,,,,,1,1,1,"1305 Corona Pointe, Corona, CA 92879",33.87061,-117.54034330718991
117751003,The Master's University and Seminary,122000,The Master's Seminary,13248 Roscoe Blvd,Sun Valley,CA,91352,2,"Private nonprofit, 4-year or above",1650.0,956.0,2606.0,,,,,,,,,,,,,,,,,,,,,,,,,,,,,,,,,,1,1,1,"13248 Roscoe Blvd, Sun Valley, CA 91352",34.2210692,-118.42210972667206
117751004,The Master's University and Seminary,122000,IBEX,Yad Hashmonah,D.N. Harei Yehuda,,90895,2,"Private nonprofit, 4-year or above",1650.0,956.0,2606.0,0.0,0.0,0.0,0.0,0.0,0.0,0.0,0.0,0.0,0.0,0.0,0.0,0.0,0.0,0.0,0.0,0.0,0.0,0.0,0.0,0.0,0.0,0.0,0.0,0.0,0.0,0.0,0.0,0.0,0.0,0.0,0.0,0.0,1,1,1,,46.3144754,11.0480288
117894001,Los Medanos College,1034000,Main Campus,2700 East LELAND Road,PITTSBURG,CA,94565,4,"Public, 2-year",3365.0,4426.0,7791.0,,,,,,,,,,,,,,,,,,,,,,,,,,,,,,,,,,1,1,1,"2700 East LELAND Road, PITTSBURG, CA 94565",38.008215,-121.85777
117946002,Loyola Marymount University,1164900,Loyola Law School,919 Albany Street,Los Angeles,CA,90015,2,"Private nonprofit, 4-year or above",4486.0,5679.0,10165.0,,,,,,,,,,,,,,,,,,,,,,,,,,,,,,,,,,1,1,1,"919 Albany Street, Los Angeles, CA 90015",34.04911426530612,-118.27038763265308
118134001,Lyle's College of Beauty,714201,Bakersfield Campus,2935 F St,Bakersfield,CA,93301,9,"Private for-profit, less-than 2-year",4.0,86.0,90.0,,,,,,,,,,,,,,,,,,,,,,,,,,,,,,,,,,1,1,1,"2935 F St, Bakersfield, CA 93301",35.38608190909091,-119.0235659090909
118347002,College of Marin,117800,Indian Valley Campus,1800 Ignacio Blvd.,Novato,CA,94947,4,"Public, 2-year",1841.0,2442.0,4283.0,,,,,,,,,,,,,,,,,,,,,,,,,,,,,,,,,,1,1,1,"1800 Ignacio Blvd., Novato, CA 94947",38.076251,-122.573381
118684001,Mendocino College,1167200,Main Campus,1000 HENSLEY CREEK ROAD,UKIAH,CA,95482,4,"Public, 2-year",1305.0,2249.0,3554.0,,,,,,,,,,,,,,,,,,,,,,,,,,,,,,,,,,1,1,1,"1000 HENSLEY CREEK ROAD, UKIAH, CA 95482",39.1889583,-123.2271886
118684002,Mendocino College,1167200,Lakeport Center,2565 Parallel Drive,Lakeport,CA,95453,4,"Public, 2-year",1305.0,2249.0,3554.0,,,,,,,,,,,,,,,,,,,,,,,,,,,,,,,,,,1,1,1,"2565 Parallel Drive, Lakeport, CA 95453",39.02055000671141,-122.91591267114092
118684003,Mendocino College,1167200,Willits Center,372 E. Commercial St,Willits,CA,95490,4,"Public, 2-year",1305.0,2249.0,3554.0,,,,,,,,,,,,,,,,,,,,,,,,,,,,,,,,,,1,1,1,"372 E. Commercial St, Willits, CA 95490",39.41262164707181,-123.34878108587644
118684005,Mendocino College,1167200,Coast Center and Fine Wood Working,1211 Del Mar Drive,Fort Bragg,CA,95437,4,"Public, 2-year",1305.0,2249.0,3554.0,,,,,,,,,,,,,,,,,,,,,,,,,,,,,,,,,,1,1,1,"1211 Del Mar Drive, Fort Bragg, CA 95437",39.4219269,-123.8113107319018
118912002,MiraCosta College,123900,SEC (San Elijo Campus),3333 MANCHESTER AVENUE,CARDIFF,CA,92007,1,"Public, 4-year or above",4502.0,6358.0,10860.0,,,,,,,,,,,,,,,,,,,,,,,,,,,,,,,,,,1,1,1,"3333 MANCHESTER AVENUE, CARDIFF, CA 92007",33.0189669,-117.2785712
118912003,MiraCosta College,123900,CLC (Community Learning Center),1831 MISSION AVENUE,OCEANSIDE,CA,92058,1,"Public, 4-year or above",4502.0,6358.0,10860.0,,,,,,,,,,,,,,,,,,,,,,,,,,,,,,,,,,1,1,1,"1831 MISSION AVENUE, OCEANSIDE, CA 92058",33.203210061690555,-117.36634767788796
118912004,MiraCosta College,123900,TCI (Technology Career Institute),2075 Las Palmas Dr,Carlsbad,CA,92011,1,"Public, 4-year or above",4502.0,6358.0,10860.0,,,,,,,,,,,,,,,,,,,,,,,,,,,,,,,,,,1,1,1,"2075 Las Palmas Dr, Carlsbad, CA 92011",33.11714326513527,-117.27544667003464
118930001,Mission College,2119100,Mission College,3000 Mission College Blvd,Santa Clara,CA,95054,4,"Public, 2-year",2529.0,3218.0,5747.0,,,,,,,,,,,,,,,,,,,,,,,,,,,,,,,,,,1,1,1,"3000 Mission College Blvd, Santa Clara, CA 95054",37.39402035,-121.98496465174418
118958001,Modern Beauty Academy,720400,Modern Beauty Academy,699 SOUTH C ST,OXNARD,CA,93030,9,"Private for-profit, less-than 2-year",25.0,38.0,63.0,,,,,,,,,,,,,,,,,,,,,,,,,,,,,,,,,,1,1,1,"699 SOUTH C ST, OXNARD, CA 93030",34.195174,-119.181227
118976002,Modesto Junior College,124000,MJC/West Campus and YCCD District Offices,2201 Blue Gum Avenue,Modesto,CA,95358,1,"Public, 4-year or above",6240.0,9984.0,16224.0,0.0,0.0,0.0,1.0,0.0,0.0,0.0,0.0,0.0,0.0,0.0,0.0,0.0,0.0,0.0,0.0,0.0,0.0,0.0,0.0,0.0,0.0,0.0,0.0,0.0,0.0,0.0,0.0,0.0,0.0,0.0,0.0,0.0,1,1,1,"2201 Blue Gum Avenue, Modesto, CA 95358",37.660548,-121.038182
118994002,Moler Barber College,2185800,Moler Barber College - San Pablo,13128 San Pablo Avenue,San Pablo,CA,94805,9,"Private for-profit, less-than 2-year",232.0,166.0,398.0,,,,,,,,,,,,,,,,,,,,,,,,,,,,,,,,,,1,1,1,"13128 San Pablo Avenue, San Pablo, CA 94805",37.95148048648649,-122.33266294594594
118994003,Moler Barber College,2185800,Moler Barber College - Hayward,22425 Main Street,Hayward,CA,94541,9,"Private for-profit, less-than 2-year",232.0,166.0,398.0,,,,,,,,,,,,,,,,,,,,,,,,,,,,,,,,,,1,1,1,"22425 Main Street, Hayward, CA 94541",37.6740133,-122.0848973
118994004,Moler Barber College,2185800,Moler Cosmetology College,22641 Main St.,Hayward,CA,94541,9,"Private for-profit, less-than 2-year",232.0,166.0,398.0,,,,,,,,,,,,,,,,,,,,,,,,,,,,,,,,,,1,1,1,"22641 Main St., Hayward, CA 94541",37.67221765,-122.0825090453153
118994006,Moler Barber College,2185800,Moler Barber and Cosmetology College,955 Monroe Street,Santa Clara,CA,95050,9,"Private for-profit, less-than 2-year",232.0,166.0,398.0,,,,,,,,,,,,,,,,,,,,,,,,,,,,,,,,,,1,1,1,"955 Monroe Street, Santa Clara, CA 95050",37.3481164871167,-121.94771294421676
119058001,Middlebury Institute of International Studies at Monterey,369110,Middlebury Institute of International Studies At Monterey,460 Pierce Street,MONTEREY,CA,93940,2,"Private nonprofit, 4-year or above",199.0,458.0,657.0,0.0,0.0,0.0,0.0,0.0,0.0,0.0,0.0,0.0,0.0,0.0,0.0,0.0,0.0,0.0,0.0,0.0,0.0,0.0,0.0,0.0,0.0,0.0,0.0,0.0,0.0,0.0,0.0,0.0,0.0,0.0,0.0,0.0,1,1,1,"460 Pierce Street, MONTEREY, CA 93940",36.5994812,-121.89739407573188
119067002,Monterey Peninsula College,124200,MPC Public Safety Training Center,2642 Colonel Durham Street,Seaside,CA,93955,4,"Public, 2-year",2879.0,3635.0,6514.0,,,,,,,,,,,,,,,,,,,,,,,,,,,,,,,,,,1,1,1,"2642 Colonel Durham Street, Seaside, CA 93955",36.64623407990248,-121.80091302607042
119067003,Monterey Peninsula College,124200,Education Center at Marina,289 12th Street,Marina,CA,93933,4,"Public, 2-year",2879.0,3635.0,6514.0,,,,,,,,,,,,,,,,,,,,,,,,,,,,,,,,,,1,1,1,"289 12th Street, Marina, CA 93933",36.66878890567687,-121.8062032820952
119137001,Moorpark College,711500,Moorpark College,7075 Campus Rd,Moorpark,CA,93021,4,"Public, 2-year",5803.0,6681.0,12484.0,,,,,,,,,,,,,,,,,,,,,,,,,,,,,,,,,,1,1,1,"7075 Campus Rd, Moorpark, CA 93021",34.2996156,-118.8366648656698
119173001,Mount Saint Mary's University,124300,Chalon,12001 CHALON RD,LOS ANGELES,CA,90007,2,"Private nonprofit, 4-year or above",278.0,2162.0,2440.0,0.0,0.0,0.0,0.0,0.0,0.0,0.0,0.0,0.0,0.0,0.0,0.0,0.0,0.0,0.0,0.0,0.0,0.0,0.0,0.0,0.0,0.0,0.0,0.0,0.0,0.0,0.0,0.0,0.0,0.0,0.0,0.0,0.0,1,1,1,"12001 CHALON RD, LOS ANGELES, CA 90007",34.08311075643524,-118.480098662321
119173002,Mount Saint Mary's University,124300,Doheny,10 Chester Place,Los Angeles,CA,90007,2,"Private nonprofit, 4-year or above",278.0,2162.0,2440.0,0.0,0.0,0.0,0.0,0.0,0.0,0.0,0.0,0.0,0.0,0.0,0.0,0.0,0.0,0.0,0.0,0.0,0.0,0.0,0.0,0.0,0.0,0.0,0.0,0.0,0.0,0.0,0.0,0.0,0.0,0.0,0.0,0.0,1,1,1,"10 Chester Place, Los Angeles, CA 90007",34.03094625,-118.27730133333334
119216002,Mt San Jacinto Community College District,124600,Menifee Valley Campus,28237 La Piedra Road,Menifee,CA,92584,4,"Public, 2-year",5918.0,9235.0,15153.0,,,,,,,,,,,,,,,,,,,,,,,,,,,,,,,,,,1,1,1,"28237 La Piedra Road, Menifee, CA 92584",33.67454925,-117.16674329509942
119216004,Mt San Jacinto Community College District,124600,San Gorgonio Pass Campus-Non Campus,3144 W. Westward Avenue,Banning,CA,92220,4,"Public, 2-year",5918.0,9235.0,15153.0,,,,,,,,,,,,,,,,,,,,,,,,,,,,,,,,,,1,1,1,"3144 W. Westward Avenue, Banning, CA 92220",33.917947733205345,-116.91094798425384
