UNITID_P,INSTNM,OPEID,BRANCH,Address,City,State,ZIP,sector_cd,Sector_desc,men_total,women_total,Total,WEAPON20,DRUG20,LIQUOR20,WEAPON21,DRUG21,LIQUOR21,WEAPON22,DRUG22,LIQUOR22,FILTER20,FILTER21,FILTER22,Full_Address,Latitude,Longitude,Income_Data
100663002,University of Alabama at Birmingham,105200,Huntsville Regional Medical Campus,301 Governors Drive SW,Huntsville,AL,35801,1,"Public, 4-year or above",7903.0,13736.0,21639.0,0.0,0.0,0.0,0.0,0.0,0.0,0,0,0,1,1,1,"301 Governors Drive SW, Huntsville, AL 35801",34.719816,-86.582288,
100706001,University of Alabama in Huntsville,105500,Main Campus,301 SPARKMAN DR,HUNTSVILLE,AL,35899,1,"Public, 4-year or above",5333.0,3904.0,9237.0,0.0,7.0,0.0,0.0,3.0,0.0,0,3,0,1,1,1,"301 SPARKMAN DR, HUNTSVILLE, AL 35899",34.7189363,-86.6374919,
100760001,Central Alabama Community College,100700,Alexander City Campus,1675 Cherokee Rd,Alexander City,AL,35010,4,"Public, 2-year",751.0,1026.0,1777.0,0.0,0.0,0.0,0.0,2.0,1.0,0,0,0,1,1,1,"1675 Cherokee Rd, Alexander City, AL 35010",32.92499278830759,-85.94800050868906,
100760003,Central Alabama Community College,100700,Talladega Campus,1009 South Street East,Talladega,AL,35160,4,"Public, 2-year",751.0,1026.0,1777.0,0.0,0.0,0.0,0.0,0.0,0.0,0,0,0,1,1,1,"1009 South Street East, Talladega, AL 35160",33.43526,-86.086606,
100760004,Central Alabama Community College,100700,Prattville Campus,1320 Old Ridge Road  ,Prattville,AL,36066,4,"Public, 2-year",751.0,1026.0,1777.0,0.0,0.0,0.0,0.0,0.0,0.0,0,0,0,1,1,1,"1320 Old Ridge Road  , Prattville, AL 36066",32.503367519277106,-86.42768109953543,
100812001,Athens State University,100800,Athens State University Main Campus,300 N BEATY ST,ATHENS,AL,35611,1,"Public, 4-year or above",887.0,2007.0,2894.0,0.0,0.0,0.0,0.0,0.0,0.0,0,1,0,1,1,1,"300 N BEATY ST, ATHENS, AL 35611",34.8060684,-86.9651364291035,
100858001,Auburn University,100900,Auburn University,182 South College Street,Auburn,AL,36849,1,"Public, 4-year or above",15678.0,16086.0,31764.0,4.0,48.0,24.0,8.0,33.0,30.0,8,44,38,1,1,1,"182 South College Street, Auburn, AL 36849",32.60471105,-85.48279062089341,
100858002,Auburn University,100900,Joseph S Bruno Auburn Abroad Italy,Via del Parco 149,Ariccia,,00072,1,"Public, 4-year or above",15678.0,16086.0,31764.0,0.0,0.0,0.0,0.0,0.0,0.0,0,0,0,1,1,1,,46.3144754,11.0480288,
100858005,Auburn University,100900,Harris Early Learning Center,1413 7th Avenue North,Birmingham,AL,35203,1,"Public, 4-year or above",15678.0,16086.0,31764.0,0.0,0.0,0.0,0.0,0.0,0.0,0,0,0,1,1,1,"1413 7th Avenue North, Birmingham, AL 35203",33.51647889795918,-86.81774108163265,
100858006,Auburn University,100900,Auburn University Regional Airport,2150 Mike Hubbard Blvd,Auburn,AL,36830,1,"Public, 4-year or above",15678.0,16086.0,31764.0,0.0,0.0,0.0,0.0,0.0,0.0,0,0,0,1,1,1,"2150 Mike Hubbard Blvd, Auburn, AL 36830",32.6118107,-85.43694166226194,
100858007,Auburn University,100900,E W Shell Fisheries Center North,2101 North College Street,Auburn,AL,36830,1,"Public, 4-year or above",15678.0,16086.0,31764.0,0.0,0.0,0.0,0.0,0.0,0.0,0,0,0,1,1,1,"2101 North College Street, Auburn, AL 36830",32.6074533,-85.4817293,
100858008,Auburn University,100900,Charles C. Miller Poultry Research and Education Center,1088 Auburn Lakes Road,Auburn,AL,36830,1,"Public, 4-year or above",15678.0,16086.0,31764.0,0.0,0.0,0.0,0.0,0.0,0.0,0,0,0,1,1,1,"1088 Auburn Lakes Road, Auburn, AL 36830",32.68249,-85.508237,
100858011,Auburn University,100900,Harrison College of Pharmacy - Montgomery,101 South Union Street,Montgomery,AL,36104,1,"Public, 4-year or above",15678.0,16086.0,31764.0,0.0,0.0,0.0,0.0,0.0,0.0,0,0,0,1,1,1,"101 South Union Street, Montgomery, AL 36104",32.37701195446968,-86.29956028153293,
100858012,Auburn University,100900,The Center for Architecture and Urban Studies,221 20th Street North,Birmingham,AL,35203,1,"Public, 4-year or above",15678.0,16086.0,31764.0,0.0,0.0,0.0,0.0,0.0,0.0,0,0,0,1,1,1,"221 20th Street North, Birmingham, AL 35203",33.51559418367347,-86.80628208163265,
100858014,Auburn University,100900,Futures Studio,301 Conti Street,Mobile,AL,36688,1,"Public, 4-year or above",15678.0,16086.0,31764.0,0.0,0.0,0.0,0.0,0.0,0.0,0,0,0,1,1,1,"301 Conti Street, Mobile, AL 36688",30.689823,-88.045395,
100937001,Birmingham-Southern College,101200,Birmingham-Southern College,900 Arkadelphia Road,Birmingham,AL,35254,2,"Private nonprofit, 4-year or above",512.0,463.0,975.0,0.0,0.0,0.0,0.0,0.0,0.0,0,0,0,1,1,1,"900 Arkadelphia Road, Birmingham, AL 35254",33.51316,-86.849416,
101028001,Chattahoochee Valley Community College,1218200,Main Campus,2602 COLLEGE DR,PHENIX CITY,AL,36869,4,"Public, 2-year",560.0,1081.0,1641.0,0.0,0.0,0.0,0.0,0.0,0.0,0,0,0,1,1,1,"2602 COLLEGE DR, PHENIX CITY, AL 36869",32.42909295818755,-85.0294945283175,
101161002,Coastal Alabama Community College,106000,Coastal Alabama Community College - Fairhope Campus,440 Fairhope Avenue,Fairhope,AL,36532,4,"Public, 2-year",2872.0,3928.0,6800.0,0.0,0.0,0.0,0.0,1.0,0.0,0,0,0,1,1,1,"440 Fairhope Avenue, Fairhope, AL 36532",30.52295481632653,-87.90253659183674,
101161003,Coastal Alabama Community College,106000,Coastal Alabama Community College - Gulf Shores Campus,3301 Gulf Shores Parkway,Gulf Shores,AL,36542,4,"Public, 2-year",2872.0,3928.0,6800.0,0.0,0.0,0.0,0.0,0.0,0.0,0,0,0,1,1,1,"3301 Gulf Shores Parkway, Gulf Shores, AL 36542",30.298169,-87.683249,
101161004,Coastal Alabama Community College,106000,Coastal Alabama Community College - Brewton Campus,220 ALCO DR,BREWTON,AL,36426,4,"Public, 2-year",2872.0,3928.0,6800.0,0.0,1.0,0.0,0.0,1.0,0.0,1,1,0,1,1,1,"220 ALCO DR, BREWTON, AL 36426",31.1022138,-87.0862756,
101161008,Coastal Alabama Community College,106000,Coastal Alabama Community College - GILBERTOWN CAMPUS,251 College Street,Gilbertown,AL,36908,4,"Public, 2-year",2872.0,3928.0,6800.0,0.0,0.0,0.0,0.0,0.0,0.0,0,0,0,1,1,1,"251 College Street, Gilbertown, AL 36908",31.871155783434947,-88.31555331214356,
101161009,Coastal Alabama Community College,106000,Coastal Alabama Community College - JACKSON CAMPUS,235 College Avenue,Jackson,AL,36545,4,"Public, 2-year",2872.0,3928.0,6800.0,0.0,0.0,0.0,0.0,0.0,0.0,0,0,0,1,1,1,"235 College Avenue, Jackson, AL 36545",31.51269939177683,-87.89395789138472,
101277001,New Beginning College of Cosmetology,4187200,Main Campus,421 Martling Rd,Albertville,AL,35951,9,"Private for-profit, less-than 2-year",0.0,45.0,45.0,0.0,0.0,0.0,0.0,0.0,0.0,0,0,0,1,1,1,"421 Martling Rd, Albertville, AL 35951",34.277689385322724,-86.19718984818755,
101286004,George C Wallace Community College-Dothan,101800,Sparks Campus,3235 South Eufaula Ave.,Eufaula,AL,36027,4,"Public, 2-year",1195.0,2637.0,3832.0,0.0,0.0,0.0,0.0,0.0,0.0,0,0,0,1,1,1,"3235 South Eufaula Ave., Eufaula, AL 36027",31.836367648380993,-85.16581350219484,
101365001,Herzing University-Birmingham,962107,Main Campus,280 WEST VALLEY AVENUE,BIRMINGHAM,AL,35209,2,"Private nonprofit, 4-year or above",126.0,452.0,578.0,0.0,0.0,0.0,0.0,0.0,0.0,0,0,0,1,1,1,"280 WEST VALLEY AVENUE, BIRMINGHAM, AL 35209",33.470972,-86.824393,
101471001,J F Ingram State Technical College,3002500,J.F. Ingram State Technical College,5375 Ingram Rd,Deatsville,AL,36022,4,"Public, 2-year",671.0,97.0,768.0,0.0,0.0,0.0,0.0,0.0,0.0,0,0,0,1,1,1,"5375 Ingram Rd, Deatsville, AL 36022",32.58234417810123,-86.39108807967892,
101480001,Jacksonville State University,102000,Main Campus,700 Pelham Road North,Jacksonville,AL,36265,1,"Public, 4-year or above",3839.0,5793.0,9632.0,0.0,7.0,0.0,3.0,6.0,5.0,1,2,0,1,1,1,"700 Pelham Road North, Jacksonville, AL 36265",33.8249359,-85.76410953844884,
101514002,John C Calhoun State Community College,101300,Calhoun Community College Huntsville,102 Wynn Drive,Huntsville,AL,35805,4,"Public, 2-year",3698.0,4465.0,8163.0,0.0,0.0,0.0,0.0,0.0,0.0,0,0,0,1,1,1,"102 Wynn Drive, Huntsville, AL 35805",34.74228919127517,-86.65280794966442,
101514004,John C Calhoun State Community College,101300,Alabama Center for the Arts,133 2nd Avenue NE,Decatur,AL,35601,4,"Public, 2-year",3698.0,4465.0,8163.0,0.0,0.0,0.0,0.0,0.0,0.0,0,0,0,1,1,1,"133 2nd Avenue NE, Decatur, AL 35601",34.605282849999995,-86.98576441887928,
101602002,Lurleen B Wallace Community College,898800,Lurleen B. Wallace Community College-MacArthur Cam,1708 N. Main Street,Opp,AL,36467,4,"Public, 2-year",878.0,1051.0,1929.0,0.0,0.0,0.0,0.0,0.0,0.0,0,0,0,1,1,1,"1708 N. Main Street, Opp, AL 36467",31.305505424573397,-86.25512649244057,
101602003,Lurleen B Wallace Community College,898800,Lurleen B. Wallace Community College-Greenville Ca,750 Greenville Bypass,Greenville,AL,36037,4,"Public, 2-year",878.0,1051.0,1929.0,0.0,0.0,0.0,0.0,0.0,0.0,0,0,0,1,1,1,"750 Greenville Bypass, Greenville, AL 36037",31.84753844897959,-86.62682687755103,
101648001,Marion Military Institute,102600,Main Campus,1101 Washington St.,Marion,AL,36756,4,"Public, 2-year",232.0,88.0,320.0,0.0,0.0,0.0,0.0,0.0,0.0,0,0,0,1,1,1,"1101 Washington St., Marion, AL 36756",32.624483048686194,-87.31833324165258,
101675001,Miles College,102800,Miles College,5500 Myron Massey Blvd,Fairfield,AL,35064,2,"Private nonprofit, 4-year or above",570.0,688.0,1258.0,0.0,0.0,0.0,0.0,0.0,0.0,0,1,0,1,1,1,"5500 Myron Massey Blvd, Fairfield, AL 35064",33.48109865,-86.90911015439585,
101736001,Northwest-Shoals Community College,569700,Shoals Campus,800 GEORGE WALLACE BLVD,MUSCLE SHOALS,AL,35661,4,"Public, 2-year",1853.0,2179.0,4032.0,0.0,0.0,0.0,0.0,0.0,0.0,0,0,0,1,1,1,"800 GEORGE WALLACE BLVD, MUSCLE SHOALS, AL 35661",34.740338,-87.6775438,
101736002,Northwest-Shoals Community College,569700,Phil Campbell Campus,2080 College Road,Phil Campbell,AL,35581,4,"Public, 2-year",1853.0,2179.0,4032.0,0.0,0.0,0.0,0.0,0.0,0.0,0,0,0,1,1,1,"2080 College Road, Phil Campbell, AL 35581",34.343733400000005,-87.7309114205456,
101879002,University of North Alabama,101600,East Campus,1640 Tune Avenue,florence,AL,35630,1,"Public, 4-year or above",3490.0,6340.0,9830.0,0.0,0.0,0.0,0.0,0.0,0.0,0,0,0,1,1,1,"1640 Tune Avenue, florence, AL 35630",34.821231049999994,-87.65919046495817,
102030003,Bishop State Community College,103000,Carvar Campus,414 Stanton Rd.,Mobile,AL,36617,4,"Public, 2-year",1040.0,1928.0,2968.0,0.0,0.0,0.0,0.0,0.0,0.0,0,0,0,1,1,1,"414 Stanton Rd., Mobile, AL 36617",30.7009136,-88.09299702012882,
102030004,Bishop State Community College,103000,SouthWest Campus,925 Dauphin Island Parkway,Mobile,AL,36605,4,"Public, 2-year",1040.0,1928.0,2968.0,0.0,0.0,0.0,0.0,0.0,0.0,0,0,0,1,1,1,"925 Dauphin Island Parkway, Mobile, AL 36605",30.66194864,-88.08836808,
102049002,Samford University,103600,Daniel House at Samford University London Study Center,"12 Ashburn Gardens, Kensington",London,,SW7 4DG,2,"Private nonprofit, 4-year or above",1824.0,3858.0,5682.0,0.0,0.0,0.0,0.0,0.0,0.0,0,0,0,1,1,1,,46.3144754,11.0480288,
102067001,Shelton State Community College,569100,Martin Campus,9500 OLD GREENSBORO RD,TUSCALOOSA,AL,35405,4,"Public, 2-year",1698.0,2468.0,4166.0,0.0,0.0,0.0,0.0,0.0,0.0,0,0,0,1,1,1,"9500 OLD GREENSBORO RD, TUSCALOOSA, AL 35405",33.069772,-87.564326,
102270001,Stillman College,104400,Stillman College,3601 Stillman Boulevard,TUSCALOOSA,AL,35401,2,"Private nonprofit, 4-year or above",328.0,416.0,744.0,0.0,0.0,0.0,0.0,0.0,0.0,0,0,0,1,1,1,"3601 Stillman Boulevard, TUSCALOOSA, AL 35401",33.200947,-87.58328633873036,
102368002,Troy University,104700,Phenix City Campus,1 University Place,Phenix City,AL,36869,1,"Public, 4-year or above",5098.0,9058.0,14156.0,0.0,0.0,0.0,0.0,0.0,0.0,0,0,0,1,1,1,"1 University Place, Phenix City, AL 36869",32.423549,-85.029837,
102368005,Troy University,104700,Atlantic Region,2743 Perimeter Parkway,Augusta,GA,30907,1,"Public, 4-year or above",5098.0,9058.0,14156.0,0.0,0.0,0.0,0.0,0.0,0.0,0,0,0,1,1,1,"2743 Perimeter Parkway, Augusta, GA 30907",33.483719592124665,-82.08583673874499,
102368007,Troy University,104700,Southeast Region,2743 Perimeter Parkway,Augusta,GA,30907,1,"Public, 4-year or above",5098.0,9058.0,14156.0,0.0,0.0,0.0,0.0,0.0,0.0,0,0,0,1,1,1,"2743 Perimeter Parkway, Augusta, GA 30907",33.483719592124665,-82.08583673874499,
102429001,Bevill State Community College,573300,Bevill State Community College Jasper (Main) Campus,1411 Indiana Avenue,Jasper,AL,35501,4,"Public, 2-year",1495.0,2208.0,3703.0,0.0,0.0,0.0,0.0,0.0,0.0,0,0,0,1,1,1,"1411 Indiana Avenue, Jasper, AL 35501",33.837373618700575,-87.26492467508099,
102429002,Bevill State Community College,573300,Sumiton Campus,101 State Street,Sumiton,AL,35148,4,"Public, 2-year",1495.0,2208.0,3703.0,0.0,0.0,0.0,0.0,0.0,0.0,0,0,0,1,1,1,"101 State Street, Sumiton, AL 35148",33.750576,-87.049616,
102429003,Bevill State Community College,573300,Fayette Campus,2631 Temple Avenue North,Fayette,AL,35555,4,"Public, 2-year",1495.0,2208.0,3703.0,0.0,0.0,0.0,0.0,0.0,0.0,0,0,0,1,1,1,"2631 Temple Avenue North, Fayette, AL 35555",33.72584195,-87.81840246008414,
102429004,Bevill State Community College,573300,Hamilton Campus,1481 Military Street South,HAMILTON,AL,35570,4,"Public, 2-year",1495.0,2208.0,3703.0,0.0,0.0,0.0,0.0,0.0,0.0,0,0,0,1,1,1,"1481 Military Street South, HAMILTON, AL 35570",34.124918040816326,-87.98984287755103,
102553001,University of Alaska Anchorage,1146200,Anchorage Campus,3211 Providence Dr,Anchorage,AK,99508,1,"Public, 4-year or above",4139.0,6325.0,10464.0,0.0,3.0,2.0,1.0,0.0,3.0,1,4,1,1,1,1,"3211 Providence Dr, Anchorage, AK 99508",61.1886082,-149.8379308,
102553003,University of Alaska Anchorage,1146200,Kenai Peninsula College - Kenai River Campus,156 College Road,Soldotna,AK,99669,1,"Public, 4-year or above",4139.0,6325.0,10464.0,0.0,0.0,0.0,0.0,0.0,0.0,0,0,0,1,1,1,"156 College Road, Soldotna, AK 99669",60.4877764,-151.1306665,
102553005,University of Alaska Anchorage,1146200,Kodiak College,117 Benny Benson Drive,Kodiak,AK,99615,1,"Public, 4-year or above",4139.0,6325.0,10464.0,0.0,0.0,0.0,0.0,0.0,0.0,0,0,0,1,1,1,"117 Benny Benson Drive, Kodiak, AK 99615",57.80763565274534,-152.36767328260467,
102553007,University of Alaska Anchorage,1146200,Prince William Sound College,303 Lowe St,Valdez,AK,99686,1,"Public, 4-year or above",4139.0,6325.0,10464.0,0.0,0.0,0.0,0.0,0.0,0.0,0,0,0,1,1,1,"303 Lowe St, Valdez, AK 99686",61.134274,-146.3554715,
102553009,University of Alaska Anchorage,1146200,Aviation Technology Complex,2811 Merrill Field Drive,Anchorage,AK,99501,1,"Public, 4-year or above",4139.0,6325.0,10464.0,0.0,0.0,0.0,0.0,0.0,0.0,0,0,0,1,1,1,"2811 Merrill Field Drive, Anchorage, AK 99501",61.2146716,-149.82978793698513,
102580001,Alaska Bible College,884300,Main Campus,248 E. Elmwood Ave.,Palmer,AK,99645,2,"Private nonprofit, 4-year or above",23.0,16.0,39.0,0.0,0.0,0.0,0.0,0.0,0.0,0,0,0,1,1,1,"248 E. Elmwood Ave., Palmer, AK 99645",61.5984652,-149.1116399896245,
102614007,University of Alaska Fairbanks,106300,Community and Technical College,604 Barnette Street,Fairbanks,AK,99701,1,"Public, 4-year or above",2531.0,4076.0,6607.0,0.0,0.0,0.0,0.0,0.0,0.0,0,0,0,1,1,1,"604 Barnette Street, Fairbanks, AK 99701",64.841012,-147.72648485515396,
102632001,University of Alaska Southeast,106500,Main Campus/Auke Bay,11066 Auke Lake Way,JUNEAU,AK,99801,1,"Public, 4-year or above",669.0,1254.0,1923.0,0.0,0.0,0.0,0.0,0.0,0.0,0,0,0,1,1,1,"11066 Auke Lake Way, JUNEAU, AK 99801",58.39233645,-134.64781229447976,
102632002,University of Alaska Southeast,106500,University of Alaska Southeast - Ketchikan,2600 7th Ave,Ketchikan,AK,99901,1,"Public, 4-year or above",669.0,1254.0,1923.0,0.0,0.0,0.0,0.0,0.0,0.0,0,0,0,1,1,1,"2600 7th Ave, Ketchikan, AK 99901",55.355043,-131.67732,
102632003,University of Alaska Southeast,106500,University of Alaska Southeast - Sitka,1332 Seward Avenue,Sitka,AK,99835,1,"Public, 4-year or above",669.0,1254.0,1923.0,0.0,0.0,0.0,0.0,0.0,0.0,0,0,0,1,1,1,"1332 Seward Avenue, Sitka, AK 99835",57.0518743,-135.35182773935085,
102669001,Alaska Pacific University,106100,Main Campus,4101 UNIVERSITY DR,ANCHORAGE,AK,99508,2,"Private nonprofit, 4-year or above",132.0,463.0,595.0,0.0,0.0,0.0,0.0,0.0,0.0,0,0,0,1,1,1,"4101 UNIVERSITY DR, ANCHORAGE, AK 99508",61.1888471,-149.8098437,
102845002,Charter College,2576900,Charter College - Wasilla,721 W. Parks Highway,Wasilla,AK,99654,3,"Private for-profit, 4-year or above",577.0,1540.0,2117.0,0.0,0.0,0.0,0.0,0.0,0.0,0,0,0,1,1,1,"721 W. Parks Highway, Wasilla, AK 99654",61.58160406963239,-149.46973556181135,
102845010,Charter College,2576900,Charter College-Canyon Country,19034 Soledad Canyon Road,Canyon Country,CA,91351,3,"Private for-profit, 4-year or above",577.0,1540.0,2117.0,0.0,0.0,0.0,0.0,0.0,0.0,0,0,0,1,1,1,"19034 Soledad Canyon Road, Canyon Country, CA 91351",34.41562770499582,-118.46837538626562,
102845014,Charter College,2576900,Charter College - Missoula,1930 Brooks Street,Missoula,MT,59801,3,"Private for-profit, 4-year or above",577.0,1540.0,2117.0,0.0,0.0,0.0,0.0,0.0,0.0,0,0,0,1,1,1,"1930 Brooks Street, Missoula, MT 59801",46.8481798,-114.0188489,
102845015,Charter College,2576900,Charter College - Charter Institute Farmington,3030 E 20th Street,Farmington,NM,87402,3,"Private for-profit, 4-year or above",577.0,1540.0,2117.0,0.0,0.0,0.0,0.0,0.0,0.0,0,0,0,1,1,1,"3030 E 20th Street, Farmington, NM 87402",36.74819232601845,-108.1655325506016,
103741001,Empire Beauty School-Tucson,966403,"Empire Beauty School - C Tucson, AZ",3030 E SPEEDWAY BLVD,TUCSON,AZ,85716,9,"Private for-profit, less-than 2-year",10.0,174.0,184.0,0.0,0.0,0.0,0.0,0.0,0.0,0,0,0,1,1,1,"3030 E SPEEDWAY BLVD, TUCSON, AZ 85716",32.23592846938776,-110.9276684489796,
103893009,Carrington College-Phoenix North,2100600,Carrington College-Phoenix East,2149 W DUNLAP AVE,PHOENIX,AZ,85021,6,"Private for-profit, 2-year",208.0,840.0,1048.0,0.0,0.0,0.0,0.0,0.0,0.0,0,1,0,1,1,1,"2149 W DUNLAP AVE, PHOENIX, AZ 85021",33.5659811,-112.10427322655894,
103954001,Arizona Academy of Beauty,886400,Main Campus,5631 E SPEEDWAY BLVD,TUCSON,AZ,85712,9,"Private for-profit, less-than 2-year",2.0,32.0,34.0,0.0,0.0,0.0,0.0,0.0,0.0,0,0,0,1,1,1,"5631 E SPEEDWAY BLVD, TUCSON, AZ 85712",32.23626157282233,-110.87240090282232,
104160002,Arizona Western College,107100,Reskilling & Technology Center,1351 S. Redondo Center Dr.,Yuma,AZ,85365,4,"Public, 2-year",3257.0,4793.0,8050.0,0.0,0.0,0.0,0.0,0.0,0.0,0,0,0,1,1,1,"1351 S. Redondo Center Dr., Yuma, AZ 85365",32.70314295,-114.61103978274394,
104160004,Arizona Western College,107100,Somerton Center,1011 N. Somerton Ave.,Somerton,AZ,85350,4,"Public, 2-year",3257.0,4793.0,8050.0,0.0,0.0,0.0,0.0,0.0,0.0,0,0,0,1,1,1,"1011 N. Somerton Ave., Somerton, AZ 85350",32.603935428571425,-114.71004266666668,
104160005,Arizona Western College,107100,Parker Learning Center,1109 Geronimo Ave,Parker,AZ,85344,4,"Public, 2-year",3257.0,4793.0,8050.0,0.0,0.0,0.0,0.0,0.0,0.0,0,0,0,1,1,1,"1109 Geronimo Ave, Parker, AZ 85344",34.15039710204082,-114.28567220408162,
104179005,University of Arizona,108300,University of Arizona Sierra Vista College of Applied Science and Technology,1140 N Colombo Ave,Sierra Vista,AZ,85635,1,"Public, 4-year or above",21985.0,27418.0,49403.0,0.0,0.0,0.0,0.0,0.0,0.0,0,0,0,1,1,1,"1140 N Colombo Ave, Sierra Vista, AZ 85635",31.562609645161288,-110.24747787096774,
104346002,Central Arizona College,728300,ARAVAIPA CAMPUS,80440 EAST ARAVAIPA RD.,WINKELMAN,AZ,85192,4,"Public, 2-year",1781.0,2871.0,4652.0,0.0,0.0,0.0,0.0,0.0,0.0,0,0,0,1,1,1,"80440 EAST ARAVAIPA RD., WINKELMAN, AZ 85192",32.8487462,-110.7028107,
104346005,Central Arizona College,728300,CASA GRANDE CENTER,1015 EAST FLORENCE BLVD.,CASA GRANDE,AZ,85122,4,"Public, 2-year",1781.0,2871.0,4652.0,0.0,0.0,0.0,0.0,0.0,0.0,0,0,0,1,1,1,"1015 EAST FLORENCE BLVD., CASA GRANDE, AZ 85122",32.87947342857142,-111.74193257142856,
104346013,Central Arizona College,728300,San Tan Campus,3736 E. Bella Vista Road,San Tan Valley,AZ,85143,4,"Public, 2-year",1781.0,2871.0,4652.0,0.0,0.0,0.0,2.0,0.0,0.0,0,0,0,1,1,1,"3736 E. Bella Vista Road, San Tan Valley, AZ 85143",33.16170068076864,-111.54005716401228,
104425004,Cochise County Community College District,107200,Willcox Center ,470 N Bisbee Ave,Willcox,AZ,85643,4,"Public, 2-year",1699.0,2098.0,3797.0,,,,0.0,0.0,0.0,0,0,0,0,1,1,"470 N Bisbee Ave, Willcox, AZ 85643",32.26116725628141,-109.84145914070352,
104425005,Cochise County Community College District,107200,Fort Huachuca,2288 La Guardia,Sierra Vista,AZ,85613,4,"Public, 2-year",1699.0,2098.0,3797.0,,,,0.0,0.0,0.0,0,0,0,0,1,1,"2288 La Guardia, Sierra Vista, AZ 85613",31.560883,-110.3545158,
104425006,Cochise County Community College District,107200,Benson Center,1025 AZ-90 ,Benson,AZ,85602,4,"Public, 2-year",1699.0,2098.0,3797.0,,,,0.0,0.0,0.0,0,0,0,0,1,1,"1025 AZ-90 , Benson, AZ 85602",31.95226898964867,-110.34184731469588,
104577001,Eastern Arizona College,107300,Main Campus,615 N. Stadium Avenue,Thatcher,AZ,85552,4,"Public, 2-year",1989.0,2875.0,4864.0,0.0,3.0,4.0,2.0,1.0,0.0,0,1,16,1,1,1,"615 N. Stadium Avenue, Thatcher, AZ 85552",32.84556775,-109.76204377802664,
104665001,The School of Architecture,2533200,Cosanti,6433 Doubletree Ranch Road,Paradise Valley,AZ,85253,2,"Private nonprofit, 4-year or above",5.0,1.0,6.0,0.0,0.0,0.0,0.0,0.0,0.0,0,0,0,1,1,1,"6433 Doubletree Ranch Road, Paradise Valley, AZ 85253",33.567477261059736,-111.94263191181888,
104708001,Glendale Community College,107600,Main Campus,6000 W OLIVE AVE,GLENDALE,AZ,85302,4,"Public, 2-year",5915.0,7427.0,13342.0,0.0,1.0,0.0,0.0,0.0,0.0,1,2,0,1,1,1,"6000 W OLIVE AVE, GLENDALE, AZ 85302",33.57097265,-112.19062372210072,
104708002,Glendale Community College,107600,North Campus,5727 W. Happy Valley Road,Phoenix,AZ,85310,4,"Public, 2-year",5915.0,7427.0,13342.0,0.0,0.0,0.0,0.0,0.0,0.0,0,0,0,1,1,1,"5727 W. Happy Valley Road, Phoenix, AZ 85310",33.71074075,-112.18703724325582,
104717001,Grand Canyon University,107400,Grand Canyon University,3300 W CAMELBACK RD,PHOENIX,AZ,85017,3,"Private for-profit, 4-year or above",27888.0,73928.0,101816.0,0.0,91.0,0.0,0.0,8.0,0.0,0,8,0,1,1,1,"3300 W CAMELBACK RD, PHOENIX, AZ 85017",33.5136131,-112.1307098,
105145003,GateWay Community College,830300,Gateway 18th Street ,555 N 18th Street,Phoenix,AZ,85006,4,"Public, 2-year",1663.0,3036.0,4699.0,,,,0.0,0.0,0.0,0,0,0,0,1,1,"555 N 18th Street, Phoenix, AZ 85006",33.45508475,-112.04326239469322,
105154001,Mesa Community College,107700,Mesa Community College,1833 W SOUTHERN AVE,MESA,AZ,85202,4,"Public, 2-year",7109.0,8663.0,15772.0,0.0,0.0,0.0,0.0,0.0,0.0,0,1,0,1,1,1,"1833 W SOUTHERN AVE, MESA, AZ 85202",33.389666,-111.87020543176769,
105154002,Mesa Community College,107700,Red Mountain Campus,7110 E. McKellips Rd.,Mesa,AZ,85207,4,"Public, 2-year",7109.0,8663.0,15772.0,0.0,0.0,0.0,0.0,0.0,0.0,0,0,0,1,1,1,"7110 E. McKellips Rd., Mesa, AZ 85207",33.4551143,-111.67639664733848,
105154003,Mesa Community College,107700,Downtown Center,145 North Centennial Way,Mesa,AZ,85201,4,"Public, 2-year",7109.0,8663.0,15772.0,0.0,0.0,0.0,0.0,0.0,0.0,0,0,0,1,1,1,"145 North Centennial Way, Mesa, AZ 85201",33.41876765000001,-111.82796719983348,
105206002,Mohave Community College,1186400,Lake Havasu City Campus,1977 West Acoma Blvd,Lake Havasu City,AZ,86403,4,"Public, 2-year",1285.0,2753.0,4038.0,0.0,0.0,0.0,0.0,0.0,0.0,0,0,0,1,1,1,"1977 West Acoma Blvd, Lake Havasu City, AZ 86403",34.49621531477594,-114.34358644740394,
105206003,Mohave Community College,1186400,Bullhead City Campus,3400 Highway 95,Bullhead City,AZ,86442,4,"Public, 2-year",1285.0,2753.0,4038.0,0.0,1.0,2.0,0.0,0.0,0.0,0,0,0,1,1,1,"3400 Highway 95, Bullhead City, AZ 86442",35.0631578,-114.58668018040052,
105330001,Northern Arizona University,108200,Flagstaff Mountain Campus,1900 S Knoles Dr,FLAGSTAFF,AZ,86011,1,"Public, 4-year or above",10274.0,17812.0,28086.0,2.0,23.0,34.0,0.0,4.0,35.0,0,9,48,1,1,1,"1900 S Knoles Dr, FLAGSTAFF, AZ 86011",35.18008625,-111.65769980032915,
105330003,Northern Arizona University,108200,NAU at Chandler-Gilbert Community College,2626 E. Pecos Rd,Chandler,AZ,85225,1,"Public, 4-year or above",10274.0,17812.0,28086.0,0.0,0.0,0.0,0.0,0.0,0.0,0,0,0,1,1,1,"2626 E. Pecos Rd, Chandler, AZ 85225",33.29553575,-111.7941113987554,
105330005,Northern Arizona University,108200,NAU at Mesa Community College,1833 W. Southern Ave,Mesa,AZ,85202,1,"Public, 4-year or above",10274.0,17812.0,28086.0,0.0,0.0,0.0,0.0,0.0,0.0,0,0,0,1,1,1,"1833 W. Southern Ave, Mesa, AZ 85202",33.389666,-111.87020543176769,
105330006,Northern Arizona University,108200,NAU at Estrella Mountain Community College,3000 N. Dysart Rd,Avondale,AZ,85392,1,"Public, 4-year or above",10274.0,17812.0,28086.0,0.0,0.0,0.0,0.0,0.0,0.0,0,0,0,1,1,1,"3000 N. Dysart Rd, Avondale, AZ 85392",33.480764449999995,-112.34573736324032,
105330007,Northern Arizona University,108200,NAU at Glendale Community College,6000 W. Olive Ave,Glendale,AZ,85302,1,"Public, 4-year or above",10274.0,17812.0,28086.0,0.0,0.0,0.0,0.0,1.0,0.0,0,1,0,1,1,1,"6000 W. Olive Ave, Glendale, AZ 85302",33.57097265,-112.19062372210072,
105330009,Northern Arizona University,108200,NAU - Kingman,1971 Jagerson Ave,Kingman,AZ,86409,1,"Public, 4-year or above",10274.0,17812.0,28086.0,0.0,0.0,0.0,0.0,0.0,0.0,0,0,0,1,1,1,"1971 Jagerson Ave, Kingman, AZ 86409",35.2702299,-114.0268497,
105330010,Northern Arizona University,108200,NAU - North Valley,15451 N 28th Ave,Phoenix,AZ,85053,1,"Public, 4-year or above",10274.0,17812.0,28086.0,0.0,0.0,0.0,0.0,0.0,0.0,0,0,0,1,1,1,"15451 N 28th Ave, Phoenix, AZ 85053",33.6262927,-112.11818102035792,
105330011,Northern Arizona University,108200,NAU at Paradise Valley Community College,18401 N. 32nd St,Phoenix,AZ,85032,1,"Public, 4-year or above",10274.0,17812.0,28086.0,0.0,0.0,0.0,0.0,0.0,0.0,0,0,0,1,1,1,"18401 N. 32nd St, Phoenix, AZ 85032",33.652006650000004,-112.01169069673702,
105330012,Northern Arizona University,108200,NAU at Phoenix College,1202 W. Thomas Rd,Phoenix,AZ,85013,1,"Public, 4-year or above",10274.0,17812.0,28086.0,0.0,0.0,0.0,0.0,0.0,0.0,0,0,0,1,1,1,"1202 W. Thomas Rd, Phoenix, AZ 85013",33.4805182,-112.087543,
105330013,Northern Arizona University,108200,NAU at Scottsdale Community College,9000 E. Chaparral Rd,Scottsdale,AZ,85256,1,"Public, 4-year or above",10274.0,17812.0,28086.0,0.0,0.0,0.0,0.0,0.0,0.0,0,0,1,1,1,1,"9000 E. Chaparral Rd, Scottsdale, AZ 85256",33.5122411,-111.880364,
105330014,Northern Arizona University,108200,NAU-Show Low,1001 W. Deuce of Clubs,Show Low,AZ,85901,1,"Public, 4-year or above",10274.0,17812.0,28086.0,0.0,0.0,0.0,0.0,0.0,0.0,0,0,0,1,1,1,"1001 W. Deuce of Clubs, Show Low, AZ 85901",34.2431437,-110.0544201,
105330016,Northern Arizona University,108200,NAU at South Mountain Community College,7050 S. 24th St,Phoenix,AZ,85042,1,"Public, 4-year or above",10274.0,17812.0,28086.0,0.0,0.0,0.0,0.0,0.0,0.0,0,0,0,1,1,1,"7050 S. 24th St, Phoenix, AZ 85042",33.38193475,-112.03407350966162,
105330018,Northern Arizona University,108200,NAU - Tucson,2202 West Anklam Rd,Tucson,AZ,85709,1,"Public, 4-year or above",10274.0,17812.0,28086.0,0.0,0.0,0.0,0.0,0.0,0.0,0,0,0,1,1,1,"2202 West Anklam Rd, Tucson, AZ 85709",32.22505613772684,-111.01200789775592,
105330025,Northern Arizona University,108200,NAU-Phoenix Bioscience Core,435 N 5th St,Phoenix,AZ,85004,1,"Public, 4-year or above",10274.0,17812.0,28086.0,0.0,0.0,0.0,0.0,0.0,0.0,0,0,0,1,1,1,"435 N 5th St, Phoenix, AZ 85004",33.45281655,-112.0658882325565,
105330033,Northern Arizona University,108200,NAU-Bullhead City,3400 Highway 95,Bullhead City,AZ,86442,1,"Public, 4-year or above",10274.0,17812.0,28086.0,,,,,,,0,0,0,0,0,1,"3400 Highway 95, Bullhead City, AZ 86442",35.0631578,-114.58668018040052,
105330034,Northern Arizona University,108200,NAU-Lake Havasu City,1977 Acoma Blvd West,Lake Havasu City,AZ,86403,1,"Public, 4-year or above",10274.0,17812.0,28086.0,,,,,,,0,0,0,0,0,1,"1977 Acoma Blvd West, Lake Havasu City, AZ 86403",34.49621531477594,-114.34358644740394,
105428001,Phoenix College,107800,Phoenix College,1202 W Thomas Rd,Phoenix,AZ,85013,4,"Public, 2-year",3519.0,6130.0,9649.0,0.0,0.0,0.0,0.0,0.0,0.0,0,0,0,1,1,1,"1202 W Thomas Rd, Phoenix, AZ 85013",33.4805182,-112.087543,
105428002,Phoenix College,107800,Phoenix College Downtown,640 N 1st Avenue,Phoenix,AZ,85003,4,"Public, 2-year",3519.0,6130.0,9649.0,0.0,0.0,0.0,0.0,0.0,0.0,0,0,0,1,1,1,"640 N 1st Avenue, Phoenix, AZ 85003",33.4562005,-112.07550467785236,
105428003,Phoenix College,107800,Center For Nursing Excellence,3700 North 3rd Ave,Phoenix,AZ,85013,4,"Public, 2-year",3519.0,6130.0,9649.0,0.0,0.0,0.0,0.0,0.0,0.0,0,0,0,1,1,1,"3700 North 3rd Ave, Phoenix, AZ 85013",33.4906714,-112.07863375005496,
105525010,Pima Community College,726600,El Rio Adult Education Center,1390 W. Speedway Blvd.,Tucson,AZ,85709,4,"Public, 2-year",6575.0,8718.0,15293.0,0.0,0.0,0.0,0.0,4.0,0.0,0,9,0,1,1,1,"1390 W. Speedway Blvd., Tucson, AZ 85709",32.2357696112692,-110.99635699559045,
105525011,Pima Community College,726600,El Pueblo Adult Education Center,101 W. Irvington Rd.,Tucson,AZ,85709,4,"Public, 2-year",6575.0,8718.0,15293.0,0.0,2.0,0.0,0.0,2.0,0.0,0,13,0,1,1,1,"101 W. Irvington Rd., Tucson, AZ 85709",32.16316794949495,-110.97038317171716,
105543001,Pima Medical Institute-Albuquerque,3678300,Albuquerque Campus,4400 Cutler Avenue NE,ALBUQUERQUE,NM,87110,6,"Private for-profit, 2-year",111.0,579.0,690.0,0.0,0.0,0.0,0.0,0.0,0.0,0,0,0,1,1,1,"4400 Cutler Avenue NE, ALBUQUERQUE, NM 87110",35.104916149999994,-106.59479111326203,
105589001,Prescott College,2065300,Prescott College,220 GROVE AVE,PRESCOTT,AZ,86301,2,"Private nonprofit, 4-year or above",244.0,725.0,969.0,0.0,0.0,0.0,0.0,0.0,0.0,0,0,0,1,1,1,"220 GROVE AVE, PRESCOTT, AZ 86301",34.54448776112345,-112.47637028848722,
105668002,Rio Salado College,2177500,"Rio Salado College, Surprise",12535 Smokey Drive,Surprise,AZ,85378,4,"Public, 2-year",6879.0,10199.0,17078.0,0.0,0.0,0.0,0.0,0.0,0.0,0,1,0,1,1,1,"12535 Smokey Drive, Surprise, AZ 85378",33.63711255,-112.33020046504188,
105668005,Rio Salado College,2177500,Rio Salado College - Avondale,420 North Central Avenue,Avondale,AZ,85323,4,"Public, 2-year",6879.0,10199.0,17078.0,0.0,0.0,0.0,0.0,0.0,0.0,0,4,0,1,1,1,"420 North Central Avenue, Avondale, AZ 85323",33.43942165,-112.34999882004766,
105668006,Rio Salado College,2177500,Rio Salado College - Downtown,619 North 7th Avenue,Phoenix,AZ,85007,4,"Public, 2-year",6879.0,10199.0,17078.0,0.0,0.0,0.0,0.0,0.0,0.0,0,0,0,1,1,1,"619 North 7th Avenue, Phoenix, AZ 85007",33.45539142157239,-112.08247249258244,
105668008,Rio Salado College,2177500,Rio Salado College - Southern,3320 South Price Road,Tempe,AZ,85282,4,"Public, 2-year",6879.0,10199.0,17078.0,0.0,0.0,1.0,0.0,1.0,0.0,0,2,1,1,1,1,"3320 South Price Road, Tempe, AZ 85282",33.3924132,-111.8945567,
105668010,Rio Salado College,2177500,Rio Salado College - Northern,1715 West Northern Avenue,Phoenix,AZ,85021,4,"Public, 2-year",6879.0,10199.0,17078.0,0.0,0.0,0.0,0.0,0.0,0.0,0,1,0,1,1,1,"1715 West Northern Avenue, Phoenix, AZ 85021",33.55296228571429,-112.09636957142858,
105668011,Rio Salado College,2177500,Rio Salado College - East Valley Veterans Educational Center,3320 South Price Road,Tempe,AZ,85282,4,"Public, 2-year",6879.0,10199.0,17078.0,0.0,0.0,0.0,0.0,0.0,0.0,0,0,0,1,1,1,"3320 South Price Road, Tempe, AZ 85282",33.3924132,-111.8945567,
105668013,Rio Salado College,2177500,Rio Salado College- Thomas,3631 W. Thomas Rd,Phoenix,AZ,85019,4,"Public, 2-year",6879.0,10199.0,17078.0,0.0,0.0,0.0,0.0,0.0,0.0,0,0,1,1,1,1,"3631 W. Thomas Rd, Phoenix, AZ 85019",33.48037393877551,-112.13718,
105747001,Scottsdale Community College,830400,Main Campus,9000 E CHAPARRAL RD,SCOTTSDALE,AZ,85256,4,"Public, 2-year",3115.0,3950.0,7065.0,0.0,0.0,0.0,0.0,0.0,0.0,0,0,1,1,1,1,"9000 E CHAPARRAL RD, SCOTTSDALE, AZ 85256",33.5122411,-111.880364,
105792001,South Mountain Community College,2146600,SOUTH MOUNTAIN COMMUNITY COLLEGE,7050 S 24TH ST,PHOENIX,AZ,85042,4,"Public, 2-year",1539.0,2167.0,3706.0,0.0,1.0,0.0,0.0,0.0,0.0,0,0,0,1,1,1,"7050 S 24TH ST, PHOENIX, AZ 85042",33.38193475,-112.03407350966162,
105792002,South Mountain Community College,2146600,Guadalupe Campus,9233 South Avenida del Yaqui,Guadalupe,AZ,85283,4,"Public, 2-year",1539.0,2167.0,3706.0,0.0,0.0,0.0,0.0,0.0,0.0,0,0,0,1,1,1,"9233 South Avenida del Yaqui, Guadalupe, AZ 85283",33.3621627,-111.9621021583842,
105792004,South Mountain Community College,2146600,Laveen Campus,7900 South 43rd Avenue,Laveen,AZ,85339,4,"Public, 2-year",1539.0,2167.0,3706.0,0.0,0.0,0.0,0.0,0.0,0.0,0,0,0,1,1,1,"7900 South 43rd Avenue, Laveen, AZ 85339",33.374948,-112.15310054954848,
105899001,Arizona Christian University,711300,Arizona Christian University,1 W. Firestorm Way,Glendale,AZ,85306,2,"Private nonprofit, 4-year or above",654.0,428.0,1082.0,0.0,0.0,0.0,0.0,0.0,0.0,0,0,0,1,1,1,"1 W. Firestorm Way, Glendale, AZ 85306",33.6218778,-112.1813589,
106148001,Yavapai College,107900,Yavapai College - Prescott Campus,1100 E Sheldon St,Prescott,AZ,86301,4,"Public, 2-year",2967.0,4030.0,6997.0,2.0,0.0,0.0,1.0,0.0,10.0,0,0,0,1,1,1,"1100 E Sheldon St, Prescott, AZ 86301",34.54519939828411,-112.45592463465582,
106148002,Yavapai College,107900,Yavapai College -Verde Valley Campus,601 Black Hills Dr.,Clarkdale,AZ,86324,4,"Public, 2-year",2967.0,4030.0,6997.0,0.0,0.0,0.0,0.0,0.0,0.0,0,0,0,1,1,1,"601 Black Hills Dr., Clarkdale, AZ 86324",34.739758,-112.05423438095238,
106148005,Yavapai College,107900,Yavapai College - Sedona Center,4215 Arts Village Dr,Sedona,AZ,86336,4,"Public, 2-year",2967.0,4030.0,6997.0,0.0,0.0,0.0,0.0,0.0,1.0,0,0,0,1,1,1,"4215 Arts Village Dr, Sedona, AZ 86336",34.85006960655369,-111.8318271384277,
106245001,University of Arkansas at Little Rock,110100,"University of Arkansas, Little Rock",2801 S UNIVERSITY AVE,LITTLE ROCK,AR,72204,1,"Public, 4-year or above",3175.0,5022.0,8197.0,1.0,3.0,0.0,0.0,3.0,0.0,0,1,0,1,1,1,"2801 S UNIVERSITY AVE, LITTLE ROCK, AR 72204",34.7210884,-92.33951162121744,
106245002,University of Arkansas at Little Rock,110100,William H. Bowen School of Law,1201 McMath Avenue,Little Rock,AR,72202,1,"Public, 4-year or above",3175.0,5022.0,8197.0,0.0,0.0,0.0,0.0,0.0,0.0,0,0,0,1,1,1,"1201 McMath Avenue, Little Rock, AR 72202",34.7357361,-92.26288074984036,
106245004,University of Arkansas at Little Rock,110100,Clinton School of Public Service,1200 President Clinton Avenue,Little Rock,AR,72201,1,"Public, 4-year or above",3175.0,5022.0,8197.0,0.0,0.0,0.0,0.0,0.0,0.0,0,0,0,1,1,1,"1200 President Clinton Avenue, Little Rock, AR 72201",34.74626695,-92.25839996761856,
106263002,University of Arkansas for Medical Sciences,110900,UAMS Northwest,1125 N. College Ave. ,Fayetteville,AR,72703,1,"Public, 4-year or above",921.0,2319.0,3240.0,0.0,0.0,0.0,0.0,0.0,0.0,0,0,0,1,1,1,"1125 N. College Ave. , Fayetteville, AR 72703",36.0777979,-94.15898457036693,
106342001,Lyon College,108800,Main Campus,2300 HIGHLAND ROAD,BATESVILLE,AR,72501,2,"Private nonprofit, 4-year or above",295.0,201.0,496.0,0.0,0.0,0.0,0.0,0.0,1.0,0,1,0,1,1,1,"2300 HIGHLAND ROAD, BATESVILLE, AR 72501",35.7764261,-91.62423939520048,
106467002,Arkansas Tech University,108900,Arkansas Tech University - Ozark Campus,1700 Helberg Lane,Ozark,AR,72949,1,"Public, 4-year or above",3985.0,5460.0,9445.0,0.0,0.0,0.0,0.0,0.0,0.0,0,0,0,1,1,1,"1700 Helberg Lane, Ozark, AR 72949",35.49708424442222,-93.8428330079242,
106467003,Arkansas Tech University,108900,Arkansas Tech Career Center,2201 South Knoxville Avenue,Russellville,AR,72802,1,"Public, 4-year or above",3985.0,5460.0,9445.0,,,,,,,0,0,0,0,0,1,"2201 South Knoxville Avenue, Russellville, AR 72802",35.258234,-93.120896,
106485001,University of Arkansas at Monticello,108500,University of Arkansas at Monticello,350 University Dr,Monticello,AR,71656,1,"Public, 4-year or above",1085.0,1634.0,2719.0,2.0,12.0,6.0,9.0,23.0,4.0,8,25,6,1,1,1,"350 University Dr, Monticello, AR 71656",33.5906957286248,-91.81076525165427,
106494001,Arthur's Beauty College,2538503,"Arthur's Beauty College, Inc.-Jacksonville",2600 JOHN HARDEN DR,JACKSONVILLE,AR,72076,9,"Private for-profit, less-than 2-year",0.0,37.0,37.0,0.0,0.0,0.0,0.0,0.0,0.0,0,0,0,1,1,1,"2600 JOHN HARDEN DR, JACKSONVILLE, AR 72076",34.890632,-92.103677,
106625001,Black River Technical College,2052200,Main Campus,1410 HWY 304 East,POCAHONTAS,AR,72455,4,"Public, 2-year",586.0,980.0,1566.0,0.0,0.0,0.0,0.0,0.0,0.0,0,0,0,1,1,1,"1410 HWY 304 East, POCAHONTAS, AR 72455",36.24086095,-90.95183510522332,
106625002,Black River Technical College,2052200,Black River Technical College Paragould,2402 N 12th Ave,Paragould,AR,72450,4,"Public, 2-year",586.0,980.0,1566.0,0.0,0.0,0.0,0.0,0.0,0.0,0,0,0,1,1,1,"2402 N 12th Ave, Paragould, AR 72450",36.08755011608143,-90.4701899355432,
106713001,Central Baptist College,109300,Central Baptist College,1501 COLLEGE AVE,CONWAY,AR,72034,2,"Private nonprofit, 4-year or above",312.0,252.0,564.0,0.0,0.0,0.0,1.0,1.0,0.0,0,1,0,1,1,1,"1501 COLLEGE AVE, CONWAY, AR 72034",35.084539,-92.445715,
106795003,Cossatot Community College of the University of Arkansas,2220900,Little River Campus,1411 North Constitution Avenue,Ashdown,AR,71822,4,"Public, 2-year",462.0,816.0,1278.0,0.0,0.0,0.0,0.0,0.0,0.0,0,0,0,1,1,1,"1411 North Constitution Avenue, Ashdown, AR 71822",33.68462012052296,-94.13592743482542,
106810001,Crowley's Ridge College,109500,Main Campus,100 COLLEGE DR,PARAGOULD,AR,72450,2,"Private nonprofit, 4-year or above",103.0,98.0,201.0,0.0,0.0,0.0,0.0,0.0,0.0,0,0,0,1,1,1,"100 COLLEGE DR, PARAGOULD, AR 72450",36.066337,-90.584685,
106883001,East Arkansas Community College,1226000,East Arkansas Community College,1700 NEWCASTLE RD,FORREST CITY,AR,72335,4,"Public, 2-year",392.0,787.0,1179.0,0.0,0.0,0.0,0.0,0.0,0.0,0,0,0,1,1,1,"1700 NEWCASTLE RD, FORREST CITY, AR 72335",35.0417579,-90.7673336,
106908001,Paul Mitchell the School-Little Rock,3124900,"Paul Mitchell the School - Little Rock (Main Campus, North Little Rock, AR)",4201 E McCain Blvd,North Little Rock,AR,72117,9,"Private for-profit, less-than 2-year",17.0,341.0,358.0,0.0,0.0,0.0,0.0,0.0,0.0,0,0,0,1,1,1,"4201 E McCain Blvd, North Little Rock, AR 72117",34.789526,-92.222844,
106908002,Paul Mitchell the School-Little Rock,3124900,Paul Mitchell the School - Norman,3030 William Pereira,Norman,OK,73072,9,"Private for-profit, less-than 2-year",17.0,341.0,358.0,0.0,0.0,0.0,0.0,0.0,0.0,0,0,0,1,1,1,"3030 William Pereira, Norman, OK 73072",35.21427995918367,-97.485925122449,
107044003,Harding University,109700,Harding University Northwest Arkansas,901 South 52nd Street,Rogers,AR,72758,2,"Private nonprofit, 4-year or above",2015.0,2790.0,4805.0,0.0,0.0,0.0,0.0,0.0,0.0,0,0,0,1,1,1,"901 South 52nd Street, Rogers, AR 72758",36.324032,-94.186328,
107044004,Harding University,109700,Harding University-Athens Greece,37 KLM Porto Rafti Avenue,Markopoulo Attiki,,19003,2,"Private nonprofit, 4-year or above",2015.0,2790.0,4805.0,0.0,0.0,0.0,0.0,0.0,0.0,0,0,0,1,1,1,,46.3144754,11.0480288,
107044005,Harding University,109700,Harding University-Florence Italy,Via Triozzi 57,Scandicci Firenze,,50018,2,"Private nonprofit, 4-year or above",2015.0,2790.0,4805.0,0.0,0.0,0.0,0.0,0.0,0.0,0,0,0,1,1,1,,46.3144754,11.0480288,
107044006,Harding University,109700,Graduate School of Religion,1000 Cherry Road,Memphis,TN,38117,2,"Private nonprofit, 4-year or above",2015.0,2790.0,4805.0,0.0,0.0,0.0,0.0,0.0,0.0,0,0,0,1,1,1,"1000 Cherry Road, Memphis, TN 38117",35.10428,-89.915661,
107044007,Harding University,109700,Harding University Australasia - HUA,"Main Beach LPO, P.O.Box 766",Main Beach QLD,,4217,2,"Private nonprofit, 4-year or above",2015.0,2790.0,4805.0,0.0,0.0,0.0,0.0,0.0,0.0,0,0,0,1,1,1,,46.3144754,11.0480288,
107044009,Harding University,109700,Harding University Latin America (HULA) Chile,Posada el Castillo Campos 105 Arequipa,Arequipa,, 04001,2,"Private nonprofit, 4-year or above",2015.0,2790.0,4805.0,0.0,0.0,0.0,0.0,0.0,0.0,0,0,0,1,1,1,,46.3144754,11.0480288,
107044010,Harding University,109700,Harding University Zambia (HIZ),"Namwianga Mission, PO Box 620022",Kalomo,,20100,2,"Private nonprofit, 4-year or above",2015.0,2790.0,4805.0,0.0,0.0,0.0,0.0,0.0,0.0,0,0,0,1,1,1,,46.3144754,11.0480288,
107044011,Harding University,109700,Harding University England (HUE),"C/O Florida State, 103 Great Russell Street",London,,0,2,"Private nonprofit, 4-year or above",2015.0,2790.0,4805.0,0.0,0.0,0.0,0.0,0.0,0.0,0,0,0,1,1,1,,46.3144754,11.0480288,
107099001,Hot Springs Beauty College,3007100,Hot Springs Beauty College,100 Cones Rd,HOT SPRINGS,AR,71901,9,"Private for-profit, less-than 2-year",5.0,85.0,90.0,0.0,0.0,0.0,0.0,0.0,0.0,0,0,0,1,1,1,"100 Cones Rd, HOT SPRINGS, AR 71901",34.496223,-93.038204,
107123001,Jefferson Regional School of Nursing,2330800,Main Campus,1600 West 40th,PINE BLUFF,AR,71603,5,"Private nonprofit, 2-year",17.0,52.0,69.0,0.0,0.0,0.0,0.0,0.0,0.0,0,0,0,1,1,1,"1600 West 40th, PINE BLUFF, AR 71603",34.18804475,-92.01778763263852,
107141005,John Brown University,110000,Ireland Center,157 Finaghy Road South,Belfast,,BT1O ODA,2,"Private nonprofit, 4-year or above",892.0,1434.0,2326.0,0.0,0.0,0.0,0.0,0.0,0.0,0,0,0,1,1,1,,46.3144754,11.0480288,
107293001,Academy of Salon and Spa,1074100,Mellie's Inc. - Academy of Salon & Spa,311 S 16TH ST,FORT SMITH,AR,72901,9,"Private for-profit, less-than 2-year",0.0,67.0,67.0,0.0,0.0,0.0,0.0,0.0,0.0,0,0,0,1,1,1,"311 S 16TH ST, FORT SMITH, AR 72901",35.38092724489796,-94.4162410612245,
